Datum;Erster;Hoch;Tief;Schlusskurs;Stuecke;Volumen
2019-05-03;5,98;5,98;5,88;5,96;1.336;7.908
2019-05-02;5,86;6,14;5,86;5,86;10.718;63.647
2019-04-30;5,68;5,92;5,52;5,86;9.670;55.804
2019-04-29;5,64;5,64;5,44;5,44;4.100;22.905
2019-04-26;5,42;5,54;5,36;5,40;3.516;19.016
2019-04-25;5,32;5,40;5,32;5,34;3.030;16.202
2019-04-24;5,40;5,40;5,24;5,24;1.750;9.304
2019-04-23;5,16;5,34;5,16;5,24;2.053;10.768
2019-04-18;5,16;5,16;5,08;5,14;660;3.386
2019-04-17;5,10;5,16;5,10;5,16;1.830;9.396
2019-04-16;5,22;5,22;5,02;5,02;3.671;18.623
2019-04-15;5,02;5,18;5,02;5,16;1.170;5.985
2019-04-12;5,22;5,30;5,22;5,30;206;1.076
2019-04-11;5,52;5,52;5,08;5,20;2.144;10.986
2019-04-10;5,76;5,76;5,50;5,50;1.128;6.324
2019-04-09;5,20;5,86;5,20;5,62;11.636;66.693
2019-04-08;5,02;5,04;5,02;5,04;500;2.516
2019-04-05;5,10;5,10;5,10;5,10;10;51
2019-04-04;5,06;5,06;5,04;5,04;420;2.121
2019-04-03;5,06;5,10;5,06;5,10;260;1.325
2019-04-02;5,02;5,02;5,02;5,02;57;286
2019-04-01;5,12;5,16;5,12;5,16;1.000;5.129
2019-03-29;4,99;5,14;4,99;5,14;240;1.204
2019-03-28;4,99;4,99;4,98;4,98;360;1.795
2019-03-27;4,94;5,08;4,94;5,08;170;855
2019-03-26;5,00;5,02;5,00;5,00;1.758;8.795
2019-03-25;5,18;5,18;5,00;5,00;1.249;6.425
2019-03-22;5,18;5,18;5,06;5,06;1.400;7.204
2019-03-21;5,16;5,18;5,06;5,06;8.101;41.540
2019-03-19;4,96;4,96;4,96;4,96;50;248
2019-03-18;5,34;5,34;5,22;5,28;1.541;8.113
2019-03-15;5,36;5,44;5,36;5,44;850;4.574
2019-03-14;5,50;5,50;5,44;5,44;649;3.555
2019-03-13;5,12;5,50;5,12;5,50;300;1.574
2019-03-12;5,06;5,06;5,04;5,04;500;2.528
2019-03-11;5,06;5,16;4,86;5,06;6.570;32.901
2019-03-08;5,18;5,18;5,18;5,18;10;52
2019-03-07;4,85;4,85;4,81;4,81;4.975;23.997
2019-03-06;4,85;4,85;4,85;4,85;1.000;4.850
2019-03-05;4,75;4,83;4,70;4,80;5.000;23.946
2019-03-04;4,61;4,69;4,61;4,69;768;3.575
2019-02-28;4,65;4,65;4,55;4,55;2.250;10.365
2019-02-27;4,70;4,77;4,70;4,77;600;2.855
2019-02-26;4,75;4,79;4,75;4,78;1.237;5.921
2019-02-25;4,83;4,83;4,76;4,76;520;2.477
2019-02-22;4,53;4,88;4,53;4,75;420;2.030
2019-02-21;4,85;4,85;4,85;4,85;5;24
2019-02-20;4,78363;4,78363;4,76365;4,76365;3.304;15.781
2019-02-19;4,70373;4,70373;4,69375;4,69375;3.405;16.006
2019-02-18;4,79361;4,82357;4,78363;4,82357;451;2.160
2019-02-15;4,66379;4,76365;4,66379;4,76365;4.626;21.849
2019-02-14;4,63383;4,73369;4,51399;4,73369;236;1.073
2019-02-13;4,75367;4,75367;4,53396;4,53396;1.993;9.087
2019-02-11;4,54395;4,73369;4,51399;4,51399;2.583;12.015
2019-02-08;4,54395;4,54395;4,54395;4,54395;661;3.003
2019-02-07;4,59388;4,59388;4,59388;4,59388;3.003;13.795
2019-02-04;4,64381;4,64381;4,64381;4,64381;100;465
2019-02-01;4,69375;4,91346;4,69375;4,91346;701;3.303
2019-01-31;4,84355;4,84355;4,70373;4,70373;1.602;7.746
2019-01-29;4,61385;4,61385;4,61385;4,61385;1.652;7.623
2019-01-25;4,74368;4,92344;4,63383;4,92344;801;3.783
2019-01-23;4,60387;4,60387;4,60387;4,60387;115;530
2019-01-21;4,82357;4,82357;4,59388;4,73369;355;1.681
2019-01-18;4,59388;4,59388;4,59388;4,59388;300;1.380
2019-01-17;4,69375;4,69375;4,69375;4,69375;100;470
2019-01-16;4,66379;4,70373;4,66379;4,70373;300;1.405
2019-01-15;4,58389;4,58389;4,504;4,504;1.051;4.816
2019-01-14;4,62384;4,62384;4,62384;4,62384;300;1.389
2019-01-11;4,62384;4,62384;4,51399;4,51399;416;1.909
2019-01-10;4,54395;4,59388;4,49401;4,49401;2.103;9.535
2019-01-09;4,69375;4,69375;4,55393;4,55393;895;4.151
2019-01-08;4,69375;4,69375;4,69375;4,69375;511;2.397
2019-01-07;4,84355;4,84355;4,49401;4,69375;1.682;7.978
2019-01-04;4,89348;4,90347;4,89348;4,90347;305;1.495
2019-01-03;4,71372;4,94342;4,71372;4,91346;1.437;7.056
2019-01-02;4,94342;4,94342;4,79361;4,87351;1.292;6.283
2018-12-28;4,94342;5,07324;4,84355;4,89348;3.459;17.254
2018-12-27;5,07324;5,07324;4,66379;4,66379;3.732;18.268
2018-12-21;4,99335;4,99335;4,99335;4,99335;501;2.500
2018-12-20;4,85354;4,90347;4,85354;4,89348;1.602;7.826
2018-12-19;4,82357;4,82357;4,82357;4,82357;80;386
2018-12-18;4,85354;5,01332;4,84355;4,86352;1.862;9.112
2018-12-17;5,01332;5,01332;5,01332;5,01332;791;3.966
2018-12-14;4,92344;4,92344;4,92344;4,92344;15;74
2018-12-13;4,93343;4,93343;4,87351;4,87351;2.013;9.889
2018-12-12;4,83356;5,0333;4,83356;4,93343;6.088;29.786
2018-12-10;4,69375;4,69375;4,69375;4,69375;100;470
2018-12-06;5,05327;5,05327;5,05327;5,05327;100;506
2018-12-04;4,98336;5,13316;4,98336;5,13316;4.256;21.568
2018-12-03;4,70373;4,70373;4,70373;4,70373;150;707
2018-11-30;4,74368;4,87351;4,74368;4,87351;1.903;9.262
2018-11-29;4,8036;4,8036;4,73369;4,73369;1.602;7.654
2018-11-28;4,75367;4,75367;4,75367;4,75367;90;428
2018-11-27;4,79361;4,79361;4,79361;4,79361;411;1.968
2018-11-26;4,8036;4,8036;4,8036;4,8036;90;433
2018-11-23;4,8036;4,8036;4,8036;4,8036;1.412;6.782
2018-11-22;4,73369;4,73369;4,73369;4,73369;80;379
2018-11-21;5,13316;5,13316;4,99335;4,99335;1.041;5.340
2018-11-20;5,09322;5,09322;5,09322;5,09322;100;510
2018-11-15;5,09322;5,17311;5,05327;5,17311;831;4.240
2018-11-13;5,05327;5,07324;5,05327;5,07324;1.602;8.109
2018-11-12;5,11319;5,13316;5,11319;5,13316;1.182;6.053
2018-11-08;4,9534;4,9534;4,9534;4,9534;149;739
2018-11-07;4,99335;4,99335;4,76365;4,76365;621;3.095
2018-11-05;4,98336;4,98336;4,98336;4,98336;200;998
2018-10-29;4,52397;4,89348;4,44408;4,89348;2.498;11.436
2018-10-26;4,69375;4,69375;4,69375;4,69375;136;639
2018-10-25;4,91346;4,91346;4,79361;4,79361;4.005;19.474
2018-10-23;5,07324;5,07324;5,07324;5,07324;591;2.997
2018-10-22;5,11319;5,11319;5,11319;5,11319;195;998
2018-10-19;5,07324;5,07324;5,07324;5,07324;150;762
2018-10-18;5,27298;5,27298;5,0333;5,0333;1.079;5.450
2018-10-17;4,97338;4,97338;4,97338;4,97338;100;498
2018-10-16;4,99335;5,01332;4,99335;5,01332;1.061;5.304
2018-10-12;5,19308;5,19308;4,98336;4,98336;6.218;31.473
2018-10-11;5,13316;5,23303;5,11319;5,15314;2.804;14.444
2018-10-10;5,253;5,253;5,23303;5,23303;401;2.098
2018-10-09;5,19308;5,27298;5,13316;5,27298;1.975;10.258
2018-10-08;5,21306;5,21306;5,21306;5,21306;1.068;5.570
2018-10-04;5,21306;5,21306;5,21306;5,21306;50;261
2018-10-02;5,17311;5,17311;5,13316;5,17311;1.712;8.846
2018-10-01;5,45274;5,45274;5,09322;5,13316;1.292;6.898
2018-09-27;5,35287;5,35287;5,35287;5,35287;2.003;10.720
2018-09-26;5,43276;5,59255;5,35287;5,35287;1.307;7.109
2018-09-25;5,37284;5,37284;5,37284;5,37284;200;1.076
2018-09-24;5,253;5,35287;5,253;5,31292;861;4.563
2018-09-21;5,57258;5,59255;5,19308;5,19308;9.623;50.619
2018-09-19;5,49268;5,6325;5,49268;5,6325;350;1.967
2018-09-18;5,59255;5,59255;5,59255;5,59255;125;700
2018-09-17;5,5526;5,6325;5,39282;5,39282;250;1.388
2018-09-14;5,49268;5,49268;5,35287;5,49268;1.142;6.238
2018-09-13;5,35287;5,5526;5,35287;5,5526;881;4.849
2018-09-12;5,49268;5,49268;5,3329;5,3329;2.303;12.544
2018-09-11;5,41279;5,41279;5,27298;5,27298;1.382;7.382
2018-09-10;5,21306;5,49268;5,21306;5,49268;1.632;8.775
2018-09-07;5,29295;5,45274;5,0333;5,19308;7.696;40.388
2018-09-06;5,65247;5,65247;5,253;5,253;7.155;38.613
2018-09-05;6,09189;6,09189;5,89215;6,01199;4.606;27.671
2018-09-04;6,03197;6,03197;5,99202;5,99202;981;5.900
2018-09-03;5,99202;5,99202;5,99202;5,99202;100;600
2018-08-31;6,39149;6,39149;6,13183;6,13183;511;3.261
2018-08-30;6,15181;6,2317;5,97205;6,2317;1.372;8.391
2018-08-29;6,33157;6,33157;6,11186;6,27165;1.062;6.640
2018-08-28;6,17178;6,17178;6,11186;6,11186;390;2.397
2018-08-27;6,15181;6,2317;6,11186;6,11186;4.531;28.079
2018-08-24;6,45141;6,49135;6,29162;6,29162;2.403;15.537
2018-08-23;6,41146;6,43143;6,25167;6,43143;1.522;9.674
2018-08-22;6,43143;6,47138;6,21173;6,31159;5.059;32.335
2018-08-21;6,69109;6,69109;6,27165;6,27165;1.735;11.102
2018-08-20;6,49135;6,49135;6,21173;6,41146;4.946;31.592
2018-08-17;7,39016;7,39016;6,13183;6,51133;14.307;96.139
2018-08-16;7,39016;7,39016;7,39016;7,39016;100;740
2018-08-15;7,4301;7,49002;7,41013;7,41013;1.808;13.448
2018-08-13;7,56992;7,56992;7,56992;7,56992;350;2.653
2018-08-09;7,52997;7,64981;7,52997;7,64981;1.480;11.231
2018-08-06;7,60986;7,60986;7,60986;7,60986;115;876
2018-08-03;7,62984;7,62984;7,62984;7,62984;25;191
2018-08-02;7,90946;7,90946;7,70973;7,70973;401;3.148
2018-08-01;7,82957;7,82957;7,82957;7,82957;391;3.058
2018-07-27;7,78962;7,78962;7,58989;7,7297;581;4.458
2018-07-26;7,76965;7,76965;7,76965;7,76965;150;1.167
2018-07-25;7,66978;7,66978;7,54994;7,54994;2.303;17.639
2018-07-24;7,49002;7,78962;7,49002;7,78962;1.513;11.629
2018-07-23;7,7297;7,78962;7,31026;7,31026;3.528;26.802
2018-07-20;7,66978;7,68976;7,66978;7,66978;741;5.687
2018-07-19;7,51;7,51;7,37018;7,4301;381;2.824
2018-07-18;7,51;7,51;7,51;7,51;7;53
2018-07-16;7,35021;7,47005;7,35021;7,45008;4.276;31.533
2018-07-13;7,58989;7,58989;7,35021;7,35021;1.930;14.556
2018-07-12;7,60986;7,60986;7,60986;7,60986;1.001;7.620
2018-07-11;7,66978;7,66978;7,60986;7,60986;651;4.982
2018-07-10;7,92944;7,98936;7,19042;7,8096;6.052;46.158
2018-07-09;8,38883;8,4088;8,26899;8,26899;2.583;21.665
2018-07-06;8,56859;8,56859;8,26899;8,26899;2.728;22.941
2018-07-04;8,4088;8,4088;8,4088;8,4088;401;3.368
2018-07-03;8,62851;8,62851;8,42877;8,42877;300;2.552
2018-07-02;8,42877;8,42877;8,42877;8,42877;175;1.477
2018-06-29;8,58856;8,58856;8,58856;8,58856;50;430
2018-06-28;9,02797;9,02797;8,36885;8,58856;4.426;37.463
2018-06-27;8,96805;9,008;8,96805;9,008;621;5.579
2018-06-26;8,90813;8,90813;8,90813;8,90813;10;89
2018-06-25;9,10787;9,10787;8,86819;8,86819;691;6.201
2018-06-21;9,02797;9,10787;8,94808;9,10787;989;8.926
2018-06-20;9,008;9,04795;8,92811;8,96805;2.644;23.822
2018-06-19;8,90813;8,90813;8,72837;8,72837;1.917;16.975
2018-06-18;8,88816;8,98803;8,78829;8,98803;2.443;21.588
2018-06-15;8,98803;8,98803;8,88816;8,88816;1.101;9.882
2018-06-14;9,08789;9,08789;8,78829;8,78829;2.207;19.818
2018-06-13;9,06792;9,06792;8,90813;8,92811;1.050;9.408
2018-06-12;8,7084;9,06792;8,66845;9,06792;3.875;34.362
2018-06-11;8,62851;8,68843;8,4088;8,68843;4.720;40.526
2018-06-08;8,52864;8,66845;8,48869;8,62851;1.412;12.081
2018-06-07;8,58856;8,76832;8,52864;8,58856;5.467;47.112
2018-06-06;8,1092;8,46872;8,1092;8,44875;7.175;59.467
2018-06-05;7,82957;8,06925;7,78962;8,04928;3.435;27.168
2018-06-01;7,62984;7,74968;7,62984;7,74968;671;5.193
2018-05-31;7,64981;7,68976;7,64981;7,68976;1.013;7.756
2018-05-30;7,56992;7,62984;7,56992;7,62984;571;4.333
2018-05-29;7,58989;7,58989;7,58989;7,58989;1.930;14.645
2018-05-28;7,84954;7,84954;7,74968;7,74968;781;6.092
2018-05-25;7,86952;7,86952;7,86952;7,86952;381;2.994
2018-05-24;7,78962;7,94941;7,78962;7,94941;611;4.806
2018-05-23;7,68976;8,00933;7,68976;8,00933;1.648;12.997
2018-05-22;7,66978;7,66978;7,66978;7,66978;401;3.072
2018-05-21;7,78962;7,78962;7,78962;7,78962;200;1.560
2018-05-17;7,66978;7,74968;7,39016;7,51;1.142;8.638
2018-05-16;7,49002;7,49002;7,49002;7,49002;751;5.625
2018-05-15;7,35021;7,60986;7,35021;7,60986;751;5.624
2018-05-14;7,51;7,62984;7,35021;7,62984;1.452;10.803
2018-05-11;7,7297;7,7297;7,7297;7,7297;20;155
2018-05-10;7,74968;7,74968;7,74968;7,74968;441;3.414
2018-05-09;7,68976;7,68976;7,64981;7,64981;1.142;8.752
2018-05-07;7,41013;7,58989;7,41013;7,45008;2.104;15.668
2018-05-04;7,54994;7,54994;7,49002;7,49002;3.765;28.250
2018-05-03;7,60986;7,62984;7,60986;7,62984;501;3.814
2018-05-02;7,70973;7,70973;7,51;7,51;1.381;10.566
2018-04-30;7,52997;7,90946;7,51;7,90946;3.685;28.552
2018-04-25;7,51;7,51;7,51;7,51;1.402;10.528
2018-04-24;7,66978;7,7297;7,66978;7,7297;300;2.310
2018-04-23;7,70973;7,70973;7,51;7,51;250;1.888
2018-04-20;7,88949;7,88949;7,88949;7,88949;165;1.304
2018-04-19;7,96938;7,96938;7,96938;7,96938;19;152
2018-04-18;7,7297;7,76965;7,7297;7,76965;264;2.053
2018-04-17;7,8096;7,8096;7,7297;7,7297;1.142;8.859
2018-04-16;7,74968;7,74968;7,74968;7,74968;150;1.164
2018-04-13;7,7297;7,7297;7,7297;7,7297;601;4.644
2018-04-11;7,8096;7,8096;7,68976;7,68976;966;7.489
2018-04-10;7,78962;7,78962;7,78962;7,78962;65;507
2018-04-09;7,84954;7,84954;7,8096;7,8096;201;1.580
2018-04-06;7,60986;7,60986;7,60986;7,60986;61;465
2018-04-05;7,8096;7,8096;7,8096;7,8096;200;1.564
2018-04-03;7,60986;7,60986;7,60986;7,60986;120;914
2018-03-28;7,86952;7,86952;7,51;7,52997;5.868;44.873
2018-03-27;7,8096;7,8096;7,74968;7,74968;1.412;10.987
2018-03-26;7,66978;7,66978;7,66978;7,66978;200;1.536
2018-03-23;7,68976;7,74968;7,60986;7,60986;1.101;8.484
2018-03-22;7,82957;7,82957;7,82957;7,82957;689;5.394
2018-03-21;8,0293;8,0293;8,0293;8,0293;150;1.206
2018-03-20;7,94941;7,94941;7,94941;7,94941;601;4.776
2018-03-19;7,84954;7,98936;7,84954;7,98936;901;7.186
2018-03-16;7,98936;7,98936;7,90946;7,90946;546;4.326
2018-03-15;8,1092;8,1092;7,88949;7,88949;671;5.424
2018-03-13;8,16912;8,16912;7,7297;7,88949;3.357;26.527
2018-03-12;7,60986;7,82957;7,60986;7,82957;940;7.262
2018-03-09;7,68976;7,68976;7,68976;7,68976;561;4.312
2018-03-08;7,58989;7,64981;7,54994;7,64981;486;3.694
2018-03-07;7,66978;7,66978;7,66978;7,66978;10;77
2018-03-06;7,54994;7,62984;7,54994;7,54994;1.202;9.104
2018-03-05;7,64981;7,64981;7,37018;7,49002;4.004;29.891
2018-03-02;7,66978;7,70973;7,66978;7,66978;696;5.349
2018-03-01;7,68976;7,68976;7,64981;7,64981;451;3.455
2018-02-28;8,06925;8,06925;7,78962;7,78962;681;5.441
2018-02-27;7,8096;7,96938;7,78962;7,96938;1.802;14.105
2018-02-26;8,20907;8,20907;7,94941;7,94941;3.130;25.083
2018-02-23;8,08923;8,08923;8,08923;8,08923;961;7.776
2018-02-21;8,12917;8,12917;8,12917;8,12917;37;301
2018-02-20;8,14915;8,22904;8,14915;8,22904;421;3.457
2018-02-19;8,38883;8,38883;8,06925;8,06925;370;3.030
2018-02-16;8,34888;8,34888;8,28896;8,28896;1.262;10.494
2018-02-15;8,56859;8,56859;8,24901;8,24901;921;7.767
2018-02-14;8,12917;8,42877;8,12917;8,38883;2.562;21.430
2018-02-13;8,12917;8,12917;8,08923;8,08923;1.222;9.915
2018-02-12;8,16912;8,24901;8,16912;8,24901;511;4.208
2018-02-09;7,70973;8,22904;7,68976;8,00933;6.929;55.210
2018-02-08;8,20907;8,30893;7,70973;7,70973;4.726;38.423
2018-02-07;7,82957;8,16912;7,68976;8,16912;6.066;48.606
2018-02-06;7,51;7,64981;7,17045;7,58989;11.796;87.577
2018-02-05;7,70973;7,70973;7,33024;7,51;6.584;49.045
2018-02-02;8,06925;8,18909;7,49002;7,84954;10.741;83.611
2018-02-01;8,26899;8,36885;8,06925;8,12917;7.470;61.045
2018-01-31;8,68843;8,90813;8,04928;8,26899;7.123;59.498
2018-01-30;9,02797;9,16779;8,74835;8,74835;12.627;112.426
2018-01-29;8,96805;9,26766;8,78829;9,08789;11.320;103.482
2018-01-26;8,58856;8,88816;8,48869;8,78829;3.860;33.955
2018-01-25;8,54861;8,68843;8,46872;8,46872;2.048;17.591
2018-01-24;8,68843;8,88816;8,36885;8,74835;10.810;92.976
2018-01-23;8,28896;8,76832;8,24901;8,28896;8.090;68.197
2018-01-22;7,78962;8,28896;7,7297;8,28896;11.773;94.470
2018-01-19;7,51;7,74968;7,41013;7,74968;7.608;57.289
2018-01-18;7,33024;7,47005;7,31026;7,4301;6.847;50.551
2018-01-17;7,35021;7,49002;7,31026;7,31026;6.909;51.108
2018-01-16;7,37018;7,51;7,37018;7,49002;5.653;42.126
2018-01-15;6,65114;7,41013;6,63117;7,37018;16.549;117.085
2018-01-12;7,07058;7,07058;6,71106;6,71106;401;2.796
2018-01-11;6,99069;7,07058;6,81093;6,81093;1.232;8.544
2018-01-10;6,8309;6,87085;6,71106;6,87085;3.014;20.520
2018-01-09;6,73103;6,87085;6,73103;6,87085;1.322;8.983
2018-01-08;6,65114;6,65114;6,65114;6,65114;75;500
2018-01-05;6,77098;6,81093;6,69109;6,81093;1.212;8.194
2018-01-03;6,57125;6,75101;6,57125;6,75101;1.622;10.786
2018-01-02;6,69109;6,69109;6,59122;6,59122;991;6.603
2017-12-29;6,44042;6,44042;6,44042;6,44042;471;3.031
2017-12-28;6,54229;6,55926;6,49135;6,49135;2.691;17.584
2017-12-27;6,49335;6,49335;6,49335;6,49335;262;1.704
2017-12-22;6,64115;6,64115;6,49235;6,49235;232;1.531
2017-12-21;6,59322;6,59322;6,59322;6,59322;150;990
2017-12-20;6,69308;6,69308;6,65014;6,65014;1.222;8.163
2017-12-19;6,45241;6,63017;6,45241;6,63017;260;1.699
2017-12-18;6,39249;6,76998;6,39249;6,76998;536;3.510
2017-12-15;6,44242;6,44242;6,44242;6,44242;1.332;8.580
2017-12-13;6,39249;6,39249;6,39149;6,39149;601;3.840
2017-12-12;6,48037;6,48137;6,39249;6,39249;1.520;9.830
2017-12-06;6,51532;6,51532;6,51532;6,51532;34;222
2017-12-05;6,39348;6,59022;6,39348;6,59022;516;3.388
2017-12-01;6,71805;6,71805;6,71805;6,71805;40;269
2017-11-30;6,71805;6,8289;6,71805;6,71805;1.121;7.583
2017-11-29;6,60221;6,83889;6,60221;6,83889;295;1.989
2017-11-28;6,98969;6,98969;6,60221;6,60221;591;4.073
2017-11-27;6,84189;6,98969;6,73303;6,98969;2.149;14.789
2017-11-23;6,87085;6,98869;6,87085;6,98869;526;3.650
2017-11-22;7,1295;7,1295;6,89082;6,92078;2.799;19.526
2017-11-21;6,96972;7,12551;6,64315;7,12551;3.475;24.316
2017-11-20;6,67012;6,98969;6,67012;6,87984;3.551;24.302
2017-11-16;6,61619;6,61619;6,61619;6,61619;20;133
2017-11-15;6,18376;6,46039;6,18376;6,46039;1.577;9.979
2017-11-14;6,19175;6,29262;6,09388;6,18376;1.958;12.252
2017-11-13;6,46339;6,68909;6,003;6,28063;2.842;17.842
2017-11-10;6,71306;6,71306;6,44142;6,44142;3.364;22.019
2017-11-09;6,88882;6,88882;6,64215;6,64215;1.762;12.010
2017-11-08;6,86086;6,93876;6,86086;6,93876;2.905;20.016
2017-11-07;6,98969;7,13949;6,94275;6,94475;1.419;9.959
2017-11-06;7,08456;7,08456;6,94075;6,94075;2.178;15.303
2017-11-03;6,86186;6,89182;6,86186;6,89182;206;1.420
2017-11-02;6,89282;6,89282;6,89282;6,89282;150;1.035
2017-11-01;6,87085;7,10853;6,87085;7,10853;170;1.189
2017-10-31;6,85187;6,85187;6,85187;6,85187;4;27
2017-10-27;6,84289;6,84289;6,84189;6,84189;658;4.501
2017-10-26;7,03163;7,03163;7,03064;7,03064;781;5.492
2017-10-25;7,38816;7,38816;7,03163;7,03163;177;1.258
2017-10-24;7,06958;7,25833;7,00667;7,0546;3.652;26.002
2017-10-23;7,13849;7,14049;7,09056;7,14049;2.065;14.712
2017-10-20;6,78696;7,01066;6,78696;6,90181;1.192;8.308
2017-10-19;7,09954;7,09954;6,94075;6,94075;901;6.262
2017-10-18;7,09954;7,09954;7,09954;7,09954;5;36
2017-10-17;6,99069;7,06858;6,96273;7,06858;721;5.042
2017-10-16;7,0546;7,0546;7,0546;7,0546;132;932
2017-10-13;7,07757;7,07757;7,07757;7,07757;50;354
2017-10-12;7,08756;7,08756;6,99069;6,99069;870;6.103
2017-10-11;6,9827;6,9827;6,9827;6,9827;100;699
2017-10-09;6,99269;6,99269;6,99269;6,99269;383;2.675
2017-10-06;7,12251;7,15946;6,99269;7,15946;1.552;11.086
2017-10-05;6,99169;6,99269;6,99069;6,99069;1.001;7.001
2017-10-04;6,99169;7,18942;6,96173;6,96173;396;2.763
2017-10-03;7,16845;7,16845;7,16845;7,16845;501;3.589
2017-10-02;6,84888;7,18942;6,84888;6,98969;2.684;18.811
2017-09-29;6,98969;6,98969;6,98969;6,98969;70;490
2017-09-27;6,84289;7,03763;6,84289;7,03763;341;2.356
2017-09-26;7,02864;7,0586;6,84488;6,98869;471;3.285
2017-09-25;6,97171;6,97171;6,84189;6,84189;1.192;8.268
2017-09-22;6,9807;7,04562;6,9807;7,04562;1.539;10.747
2017-09-20;6,85287;6,85287;6,85287;6,85287;182;1.249
2017-09-19;6,95074;6,99069;6,84189;6,89282;1.290;8.959
2017-09-18;7,08656;7,1295;7,08656;7,1295;125;888
2017-09-15;6,94275;6,94275;6,94275;6,94275;100;695
2017-09-14;7,18843;7,18843;7,18843;7,18843;421;3.023
2017-09-13;6,96972;7,23836;6,96972;7,23836;3.219;22.669
2017-09-12;6,98869;6,98869;6,89182;6,89182;1.454;10.097
2017-09-11;6,89282;7,00966;6,89282;7,00966;886;6.154
2017-09-08;6,86685;6,86685;6,86685;6,86685;50;344
2017-09-06;6,90181;7,09455;6,89881;7,09455;1.237;8.630
2017-09-05;6,76699;6,96872;6,76699;6,96872;2.063;14.184
2017-09-04;6,80194;6,99069;6,65214;6,72205;2.193;14.908
2017-09-01;7,16046;7,16046;6,79095;7,11952;4.699;32.620
2017-08-31;7,49002;7,49002;7,16146;7,16146;1.545;11.282
2017-08-30;7,54295;7,54295;7,54295;7,54295;751;5.665
2017-08-29;7,20141;7,20141;7,09155;7,09155;2.454;17.488
2017-08-28;7,41412;7,41412;7,41412;7,41412;200;1.485
2017-08-25;7,19042;7,19042;7,19042;7,19042;501;3.600
2017-08-24;7,45906;7,45906;7,45906;7,45906;801;5.956
2017-08-23;7,18942;7,18942;7,18942;7,18942;808;5.810
2017-08-21;7,25134;7,25134;7,25134;7,25134;100;726
2017-08-18;7,39016;7,39016;7,18143;7,32125;279;2.047
2017-08-17;7,19042;7,68876;7,19042;7,55993;1.883;14.123
2017-08-16;7,16246;7,16246;7,16046;7,16046;1.197;8.570
2017-08-14;7,63283;7,67578;7,63283;7,67578;200;1.533
2017-08-11;6,99169;7,28929;6,99169;7,08057;3.460;24.665
2017-08-10;7,27431;7,33323;7,27431;7,33323;618;4.514
2017-08-09;7,07158;7,07358;7,07058;7,07058;1.162;8.213
2017-08-08;7,93643;7,93643;7,19242;7,55793;4.582;34.677
2017-08-07;7,88949;8,00634;7,88949;8,00634;818;6.489
2017-08-04;8,11719;8,11719;7,66479;7,66479;3.307;26.059
2017-08-03;8,62751;8,62751;8,29295;8,35687;666;5.599
2017-08-02;8,26599;8,62851;8,26599;8,62851;8.831;74.615
2017-08-01;7,98736;8,26599;7,78962;8,26599;3.287;26.748
2017-07-31;7,97837;8,13916;7,6608;7,6608;2.663;21.194
2017-07-28;7,38816;8,18909;7,38816;7,98836;1.937;14.876
2017-07-27;7,63883;7,68876;7,24235;7,58989;3.255;24.495
2017-07-26;7,02864;7,25134;6,89282;7,25134;5.597;40.178
2017-07-25;7,02265;7,03064;6,84588;7,03064;865;6.036
2017-07-24;6,91079;6,91079;6,74701;6,74701;501;3.411
2017-07-21;6,99069;7,08856;6,76499;6,84089;1.477;10.286
2017-07-20;7,13649;7,18942;7,13649;7,18942;1.705;12.199
2017-07-19;6,96872;7,09056;6,89082;7,09056;3.552;24.670
2017-07-18;6,89182;6,93177;6,84289;6,89182;2.845;19.657
2017-07-17;6,78796;6,93177;6,74302;6,93077;5.871;40.059
2017-07-14;6,74202;6,83589;6,59122;6,83589;4.227;28.311
2017-07-13;6,76099;6,78896;6,64115;6,75201;1.481;9.919
2017-07-12;6,39049;6,80094;6,39049;6,79894;17.449;116.932
2017-07-11;6,39049;6,39049;6,35154;6,35154;901;5.744
2017-07-10;6,19175;6,35054;6,04495;6,2337;1.444;8.991
2017-07-07;6,24169;6,26665;5,89315;6,26665;1.888;11.519
2017-07-06;5,7024;6,42145;5,68942;6,24169;8.132;47.954
2017-07-05;5,14415;5,8582;5,09421;5,69242;20.812;114.148
2017-07-04;5,09521;5,09521;5,07524;5,07524;1.237;6.279
2017-07-03;4,82457;4,99435;4,82457;4,99435;2.150;10.614
2017-06-29;4,94142;4,94441;4,79461;4,79461;2.601;12.551
2017-06-27;4,91645;4,98336;4,91645;4,9534;1.890;9.390
2017-06-23;4,81459;4,81459;4,81459;4,81459;20;96
2017-06-20;4,93243;4,93343;4,93243;4,93343;820;4.046
2017-06-19;4,94142;4,94142;4,79461;4,87351;1.476;7.199
2017-06-16;4,84455;4,97138;4,79461;4,97138;1.622;7.884
2017-06-14;4,89248;4,89248;4,89248;4,89248;501;2.450
2017-06-13;4,79162;4,79262;4,79162;4,79162;1.693;8.114
2017-06-12;5,11219;5,11219;4,84255;4,84255;135;682
2017-06-09;4,84854;4,84854;4,8036;4,8036;626;3.012
2017-06-08;4,99435;5,09122;4,84754;4,84754;2.717;13.400
2017-06-07;5,09322;5,09322;5,09322;5,09322;401;2.040
2017-06-06;5,39182;5,39182;5,09421;5,09421;573;2.989
2017-06-02;5,59355;5,62151;5,39182;5,39182;4.315;24.039
2017-06-01;5,47271;5,57058;5,35786;5,57058;995;5.494
2017-05-31;5,0333;5,59055;5,0333;5,59055;3.110;15.879
2017-05-30;5,14115;5,17311;5,13716;5,13716;1.028;5.306
2017-05-29;4,88649;5,28496;4,78363;5,12118;3.678;18.389
2017-05-26;4,63782;4,89348;4,63782;4,89348;5.814;27.542
2017-05-25;4,69375;4,69375;4,68077;4,68077;249;1.169
2017-05-24;4,61286;4,66978;4,61286;4,66978;828;3.831
2017-05-19;4,45507;4,45507;4,45507;4,45507;100;446
2017-05-17;4,46405;4,46405;4,46405;4,46405;1.001;4.470
2017-05-15;4,37517;4,37517;4,37517;4,37517;15;66
2017-05-04;4,51499;4,51499;4,46905;4,49401;3.218;14.428
2017-05-03;4,60686;4,60686;4,57391;4,57391;411;1.887
2017-05-02;4,29528;4,29528;4,29528;4,29528;100;430
2017-04-27;4,19541;4,19541;4,19541;4,19541;100;420
2017-04-21;4,21738;4,21738;4,21738;4,21738;21;89
2017-04-13;4,24435;4,31525;4,24435;4,31525;280;1.200
2017-04-11;4,2054;4,2054;4,2054;4,2054;173;729
2017-04-10;4,19441;4,19441;4,19441;4,19441;1.710;7.174
2017-04-07;4,43409;4,43409;4,43409;4,43409;1.001;4.440
2017-04-03;4,49401;4,52298;4,49401;4,52298;691;3.114
2017-03-30;4,44608;4,49601;4,44608;4,49601;226;1.011
2017-03-27;4,52397;4,52397;4,52397;4,52397;451;2.039
2017-03-22;4,39614;4,39614;4,39614;4,39614;10;44
2017-03-20;4,63383;4,63383;4,5829;4,5829;2.136;9.815
2017-03-15;4,32724;4,32724;4,32724;4,32724;100;433
2017-03-10;4,30527;4,42511;4,30527;4,30527;1.248;5.414
2017-03-09;4,43609;4,43609;4,34621;4,34621;215;948
2017-03-07;4,30527;4,30527;4,30527;4,30527;30;129
2017-03-06;4,505;4,505;4,26532;4,26532;1.250;5.521
2017-03-02;4,46505;4,46505;4,46505;4,46505;50;224
2017-02-28;4,64182;4,64182;4,64182;4,64182;431;1.999
2017-02-23;4,49601;4,49601;4,49601;4,49601;100;450
2017-02-21;4,59388;4,59388;4,55393;4,55493;2.511;11.517
2017-02-20;4,59388;4,62284;4,59388;4,60387;4.233;19.468
2017-02-17;4,505;4,54495;4,49401;4,54395;735;3.320
2017-02-16;4,67178;4,68176;4,507;4,507;3.064;14.162
2017-02-15;4,29428;4,59288;4,24535;4,59088;6.264;27.292
2017-02-14;5,14315;5,14315;4,10453;4,49401;8.108;36.071
2017-02-13;5,68942;5,68942;5,31292;5,34288;3.976;21.488
2017-02-09;5,34388;5,34388;5,34288;5,34288;614;3.280
2017-02-08;5,34288;5,34288;5,34288;5,34288;112;599
2017-02-07;5,54262;5,54262;5,54262;5,54262;360;1.998
2017-02-06;5,30493;5,30493;5,30493;5,30493;20;106
2017-02-03;5,28995;5,47171;5,24302;5,24302;3.403;17.986
2017-02-02;5,09421;5,34188;5,00533;5,19907;3.637;18.977
2017-02-01;4,9544;4,9544;4,94342;4,94342;622;3.075
2017-01-31;5,01432;5,01432;4,94342;4,94342;1.121;5.557
2017-01-30;5,22404;5,22404;5,21306;5,21306;266;1.390
2017-01-27;5,14215;5,3309;5,14215;5,3309;1.116;5.930
2017-01-26;5,02531;5,02531;5,02531;5,02531;20;101
2017-01-25;5,1032;5,1032;5,09222;5,09322;1.638;8.348
2017-01-24;4,99435;4,99435;4,99335;4,99335;724;3.615
2017-01-23;4,79461;4,91146;4,79361;4,89148;1.324;6.383
2017-01-19;4,79461;4,79461;4,79461;4,79461;50;240
2017-01-13;5,19009;5,19009;5,19009;5,19009;100;520
2017-01-12;4,99335;4,99335;4,8056;4,8056;1.202;5.835
2017-01-11;4,84455;4,84455;4,84455;4,84455;123;597
2017-01-09;5,17311;5,17311;5,17311;5,17311;99;513
2017-01-06;5,19308;5,19308;5,19308;5,19308;115;598
2017-01-04;4,90447;4,90447;4,90447;4,90447;55;270
2017-01-02;5,04228;5,04228;5,04228;5,04228;20;101
2016-12-30;4,94242;4,99235;4,94242;4,99235;356;1.774
2016-12-27;4,56292;4,56292;4,56292;4,56292;218;996
2016-12-21;4,44508;4,44508;4,44508;4,44508;100;445
2016-12-20;4,62284;4,62284;4,62284;4,62284;5;23
2016-12-16;4,59488;4,59488;4,59488;4,59488;100;460
2016-12-13;4,64481;4,64481;4,64481;4,64481;50;233
2016-12-08;4,59588;4,59588;4,59588;4,59588;105;483
2016-12-07;4,59588;4,59588;4,59588;4,59588;200;920
2016-12-02;4,60986;4,60986;4,60986;4,60986;130;600
2016-11-30;4,61485;4,61485;4,58589;4,61385;4.506;20.782
2016-11-29;4,59488;4,59488;4,59488;4,59488;330;1.518
2016-11-24;4,54495;4,54495;4,54495;4,54495;397;1.802
2016-11-21;4,52198;4,52198;4,52198;4,52198;396;1.789
2016-11-17;4,5819;4,5819;4,5819;4,5819;65;298
2016-11-11;4,64481;4,64481;4,61485;4,61485;2.003;9.246
2016-11-08;4,6558;4,6558;4,6558;4,6558;10;47
2016-11-03;4,69475;4,69475;4,69475;4,69475;125;588
2016-10-31;4,84255;4,84255;4,84255;4,84255;401;1.940
2016-10-25;4,67477;4,73469;4,67477;4,73469;423;1.991
2016-10-24;4,36718;4,94242;4,36718;4,94242;3.209;14.985
2016-10-21;4,38216;4,49401;4,38216;4,49401;1.244;5.480
2016-10-20;4,42311;4,42311;4,42311;4,42311;114;505
2016-10-14;4,34521;4,34521;4,34521;4,34521;185;805
2016-10-13;4,50899;4,50899;4,50899;4,50899;1.892;8.529
2016-10-11;4,51399;4,51399;4,51399;4,51399;1.001;4.520
2016-10-07;4,53696;4,53696;4,53696;4,53696;451;2.044
2016-09-30;4,54395;4,54395;4,50899;4,50899;612;2.776
2016-09-29;4,505;4,505;4,505;4,505;401;1.804
2016-09-26;4,31525;4,31525;4,31525;4,31525;320;1.383
2016-09-22;4,67377;4,67377;4,67377;4,67377;290;1.357
2016-09-19;4,74368;4,74368;4,74368;4,74368;289;1.373
2016-09-16;4,74168;4,74168;4,73369;4,73369;311;1.476
2016-09-15;4,74268;4,74268;4,74268;4,74268;105;499
2016-09-12;4,54594;4,61286;4,54594;4,61286;202;920
2016-09-09;4,69275;4,69275;4,69275;4,69275;76;357
2016-09-07;4,54395;4,54395;4,54395;4,54395;1.502;6.825
2016-09-06;4,68676;4,68776;4,68676;4,68776;713;3.342
2016-09-02;4,54594;4,54594;4,51598;4,51598;340;1.546
2016-09-01;4,49202;4,74268;4,49202;4,74268;701;3.295
2016-08-31;4,70573;4,99335;4,70573;4,99335;1.350;6.731
2016-08-30;4,94342;4,97937;4,94342;4,97937;204;1.013
2016-08-26;4,99135;4,99135;4,99135;4,99135;100;500
2016-08-25;4,99135;4,99135;4,79461;4,79461;205;1.004
2016-08-24;4,8835;4,93343;4,8835;4,93343;206;1.012
2016-08-23;4,99235;4,99235;4,91346;4,91346;252;1.252
2016-08-22;4,85453;4,85453;4,85453;4,85453;50;243
2016-08-18;4,96339;4,96339;4,92344;4,92344;305;1.504
2016-08-09;5,01332;5,1831;5,01332;5,1831;150;770
2016-08-08;5,4827;5,4827;5,4827;5,4827;286;1.570
2016-08-04;5,19308;5,19308;5,19308;5,19308;200;1.040
2016-08-02;5,35487;5,35487;5,35487;5,35487;50;268
2016-08-01;5,4817;5,4817;5,4817;5,4817;20;110
2016-07-29;5,39382;5,39382;5,39382;5,39382;710;3.829
2016-07-28;4,94441;5,22304;4,94441;5,22304;447;2.249
2016-07-27;4,90447;4,90447;4,88449;4,88449;401;1.958
2016-07-26;4,91346;4,91346;4,91346;4,91346;102;502
2016-07-21;4,62384;4,62384;4,62384;4,62384;109;505
2016-07-20;4,56392;4,56392;4,56392;4,56392;5;23
2016-07-18;4,69375;4,69375;4,69375;4,69375;200;940
2016-07-14;4,59388;4,59388;4,59388;4,59388;100;460
2016-07-07;4,49501;4,49501;4,49501;4,49501;100;450
2016-07-06;4,49401;4,49401;4,49401;4,49401;414;1.859
2016-07-04;4,43409;4,48403;4,43409;4,48403;1.632;7.303
2016-06-29;4,19541;4,19541;4,19541;4,19541;1.202;5.041
2016-06-22;4,39315;4,39315;4,39315;4,39315;1;4
2016-06-20;4,42311;4,42311;4,42311;4,42311;298;1.320
2016-06-15;4,56492;4,56492;4,56492;4,56492;100;457
2016-06-08;4,66878;4,66878;4,66878;4,66878;1.004;4.689
2016-06-06;4,54395;4,77264;4,54395;4,77264;113;538
2016-06-01;4,49401;4,77364;4,49401;4,63383;3.647;16.899
2016-05-31;4,64381;4,64381;4,64381;4,64381;100;465
2016-05-30;4,64282;4,64282;4,64282;4,64282;127;590
2016-05-27;4,504;4,504;4,504;4,504;501;2.255
2016-05-23;4,52397;4,52397;4,52397;4,52397;1.732;7.837
2016-05-20;4,52497;4,52497;4,505;4,505;1.682;7.595
2016-05-19;4,39415;4,39415;4,39415;4,39415;50;220
2016-05-17;4,52397;4,52397;4,52397;4,52397;200;906
2016-05-13;4,44408;4,504;4,44408;4,504;1.086;4.868
2016-05-11;4,44408;4,44408;4,44408;4,44408;232;1.032
2016-05-02;4,49401;4,49401;4,49401;4,49401;66;297
2016-04-29;4,49401;4,49401;4,49401;4,49401;160;720
2016-04-27;4,77364;4,77364;4,77364;4,77364;300;1.434
2016-04-22;4,74268;4,78363;4,74268;4,78363;1.562;7.416
2016-04-20;4,79262;4,79262;4,79262;4,79262;701;3.359
2016-04-13;4,09455;4,29428;4,09455;4,29428;2.192;9.404
2016-04-12;4,14448;4,14448;4,14448;4,14448;48;199
2016-04-11;4,22337;4,29428;4,22337;4,29428;1.903;8.062
2016-04-08;4,29428;4,29428;4,29428;4,29428;1.001;4.300
2016-04-04;4,06459;4,2044;4,06459;4,2044;209;876
2016-03-31;4,06459;4,06459;4,06459;4,06459;100;407
2016-03-21;4,19441;4,19441;4,19441;4,19441;100;420
2016-03-17;4,19441;4,19441;4,19441;4,19441;200;840
2016-03-16;4,27431;4,27431;4,27431;4,27431;20;86
2016-03-11;4,27331;4,27331;4,27331;4,27331;501;2.140
2016-03-08;4,24435;4,27431;4,24435;4,27431;811;3.458
2016-03-07;4,19841;4,19841;4,19841;4,19841;100;420





