Datum;Erster;Hoch;Tief;Schlusskurs;Vol. (nom.);Volumen
2019-05-03;68,72;68,72;68,72;68,72;0;0
2019-05-02;68,72;68,72;68,72;68,72;1.000;687
2019-04-30;62,00;65,00;62,00;65,00;30.000;18.900
2019-04-29;62,00;62,00;62,00;62,00;0;0
2019-04-26;62,00;62,00;62,00;62,00;0;0
2019-04-25;62,00;62,00;62,00;62,00;0;0
2019-04-24;62,00;62,00;62,00;62,00;0;0
2019-04-23;62,00;62,00;62,00;62,00;0;0
2019-04-18;62,00;62,00;62,00;62,00;0;0
2019-04-17;62,00;62,00;62,00;62,00;0;0
2019-04-16;62,00;62,00;62,00;62,00;0;0
2019-04-15;62,00;62,00;62,00;62,00;0;0
2019-04-12;62,00;62,00;62,00;62,00;0;0
2019-04-11;62,00;62,00;62,00;62,00;0;0
2019-04-10;62,00;62,00;62,00;62,00;0;0
2019-04-09;62,00;62,00;62,00;62,00;0;0
2019-04-08;62,00;62,00;62,00;62,00;0;0
2019-04-05;62,00;62,00;62,00;62,00;0;0
2019-04-04;60,00;62,00;60,00;62,00;0;0
2019-04-03;62,82;62,82;62,82;62,82;0;0
2019-04-02;62,82;62,82;62,82;62,82;0;0
2019-04-01;62,87;62,87;62,87;62,87;0;0
2019-03-29;62,98;62,98;62,98;62,98;0;0
2019-03-28;62,98;62,99;62,98;62,99;0;0
2019-03-27;62,67;62,67;62,67;62,67;0;0
2019-03-26;63,07;63,07;63,07;63,07;0;0
2019-03-25;62,97;62,97;62,97;62,97;0;0
2019-03-22;63,47;63,47;63,47;63,47;0;0
2019-03-21;63,47;63,47;63,47;63,47;0;0
2019-03-20;63,72;63,72;63,72;63,72;0;0
2019-03-19;63,77;63,77;63,77;63,77;0;0
2019-03-18;63,77;63,77;63,77;63,77;0;0
2019-03-15;63,67;63,67;63,67;63,67;0;0
2019-03-14;63,82;63,82;63,82;63,82;0;0
2019-03-13;63,67;63,67;63,67;63,67;0;0
2019-03-12;63,48;63,48;63,48;63,48;0;0
2019-03-11;63,72;63,72;63,72;63,72;0;0
2019-03-08;55,00;63,72;55,00;63,72;1.000;637
2019-03-07;55,00;55,00;55,00;55,00;0;0
2019-03-06;55,00;55,00;55,00;55,00;0;0
2019-03-05;55,00;55,00;55,00;55,00;0;0
2019-03-04;54,00;55,00;54,00;55,00;0;0
2019-03-01;54,00;54,00;54,00;54,00;0;0
2019-02-28;54,00;54,00;54,00;54,00;0;0
2019-02-27;54,00;54,00;54,00;54,00;0;0
2019-02-26;54,00;54,00;54,00;54,00;0;0
2019-02-25;54,00;54,00;54,00;54,00;0;0
2019-02-22;54,00;54,00;54,00;54,00;0;0
2019-02-21;54,00;54,00;54,00;54,00;0;0
2019-02-20;54,00;54,00;54,00;54,00;0;0
2019-02-19;54,00;54,00;54,00;54,00;0;0
2019-02-18;54,00;54,00;54,00;54,00;0;0
2019-02-15;54,00;54,00;54,00;54,00;0;0
2019-02-14;54,00;54,00;54,00;54,00;0;0
2019-02-13;54,00;54,00;54,00;54,00;0;0
2019-02-12;53,83;54,00;53,83;53,83;0;0
2019-02-11;54,00;54,00;53,83;53,83;0;0
2019-02-08;54,00;54,00;54,00;54,00;0;0
2019-02-07;57,00;57,00;54,00;54,00;0;0
2019-02-06;59,00;59,00;59,00;59,00;0;0
2019-02-05;59,00;59,00;59,00;59,00;0;0
2019-02-04;57,53;57,53;57,53;57,53;0;0
2019-02-01;59,00;61,00;58,03;59,00;10.000;6.100
2019-01-31;54,00;54,00;54,00;54,00;0;0
2019-01-30;54,00;54,00;54,00;54,00;0;0
2019-01-29;56,00;56,00;54,00;54,00;0;0
2019-01-28;60,00;60,00;57,00;57,00;0;0
2019-01-25;49,00;60,97;49,00;60,97;5.000;3.049
2019-01-24;47,00;49,00;47,00;49,00;0;0
2019-01-23;47,00;47,00;47,00;47,00;0;0
2019-01-22;47,00;47,00;47,00;47,00;0;0
2019-01-21;49,00;49,00;49,00;49,00;0;0
2019-01-18;47,00;53,73;47,00;53,73;2.000;1.075
2019-01-17;47,00;47,00;47,00;47,00;0;0
2019-01-16;43,00;45,00;43,00;45,00;0;0
2019-01-15;43,00;43,00;43,00;43,00;0;0
2019-01-14;45,00;45,00;43,00;43,00;0;0
2019-01-11;51,00;51,00;51,00;51,00;2.000;1.020
2019-01-10;54,23;54,33;51,00;51,00;0;0
2019-01-09;52,18;55,00;52,18;52,53;0;0
2019-01-08;53,88;54,25;53,88;54,25;0;0
2019-01-07;54,25;55,48;54,25;54,25;0;0
2019-01-04;56,13;57,63;55,28;55,28;0;0
2019-01-03;58,38;58,38;58,38;58,38;0;0
2019-01-02;55,50;58,48;55,50;58,48;0;0
2018-12-28;58,88;58,93;58,63;58,63;0;0
2018-12-27;57,00;59,23;56,63;58,88;0;0
2018-12-21;60,00;60,00;57,00;57,00;0;0
2018-12-20;57,13;60,00;57,00;60,00;0;0
2018-12-19;57,00;58,50;55,13;57,13;0;0
2018-12-18;57,00;57,00;57,00;57,00;0;0
2018-12-17;57,00;57,00;57,00;57,00;0;0
2018-12-14;60,00;60,00;57,00;57,00;0;0
2018-12-13;60,00;60,00;57,00;60,00;0;0
2018-12-12;57,00;60,00;57,00;60,00;0;0
2018-12-11;57,00;57,00;57,00;57,00;0;0
2018-12-10;58,80;59,05;58,80;58,80;0;0
2018-12-07;56,00;58,00;55,50;58,00;0;0
2018-12-06;60,00;60,00;58,00;58,00;0;0
2018-12-05;63,73;63,73;63,73;63,73;0;0
2018-12-04;66,42;66,42;66,42;66,42;0;0
2018-12-03;66,97;66,97;66,97;66,97;0;0
2018-11-30;69,00;69,00;66,00;66,00;0;0
2018-11-29;68,00;68,00;68,00;68,00;0;0
2018-11-28;68,93;68,93;68,93;68,93;0;0
2018-11-27;73,00;73,00;73,00;73,00;0;0
2018-11-26;74,00;74,00;74,00;74,00;0;0
2018-11-23;75,00;75,00;75,00;75,00;0;0
2018-11-22;75,00;75,00;75,00;75,00;0;0
2018-11-21;75,00;75,00;75,00;75,00;0;0
2018-11-20;75,75;75,75;75,75;75,75;0;0
2018-11-19;75,75;75,75;75,75;75,75;0;0
2018-11-16;74,10;74,31;74,10;74,31;10.000;7.417
2018-11-15;78,40;78,40;78,20;78,20;0;0
2018-11-14;78,20;78,80;78,05;78,05;0;0
2018-11-13;78,10;78,90;78,10;78,20;0;0
2018-11-12;78,00;78,10;78,00;78,10;0;0
2018-11-09;75,98;75,98;75,98;75,98;0;0
2018-11-08;77,65;78,40;77,65;78,15;0;0
2018-11-07;77,40;78,50;77,15;77,15;0;0
2018-11-06;78,00;78,90;78,00;78,00;0;0
2018-11-05;77,40;78,00;77,40;78,00;0;0
2018-11-02;78,00;79,90;78,00;78,00;0;0
2018-11-01;77,40;78,81;77,40;78,81;0;0
2018-10-31;79,00;79,00;77,40;78,80;12.000;9.480
2018-10-30;79,40;79,40;76,40;79,00;20.000;15.880
2018-10-29;77,00;79,15;77,00;77,40;0;0
2018-10-26;80,15;80,15;79,70;79,75;0;0
2018-10-25;76,50;79,45;76,50;79,45;26.000;20.248
2018-10-24;76,25;76,45;74,50;74,50;0;0
2018-10-23;76,20;77,25;76,20;77,25;0;0
2018-10-22;76,00;77,17;76,00;77,17;0;0
2018-10-19;77,90;77,90;75,90;75,90;0;0
2018-10-18;76,70;77,90;76,70;77,90;0;0
2018-10-17;76,40;77,40;76,40;76,70;0;0
2018-10-16;75,90;77,95;75,90;76,80;0;0
2018-10-15;75,21;78,50;75,21;76,41;5.000;3.925
2018-10-12;75,55;75,58;74,40;74,40;0;0
2018-10-11;76,96;76,96;75,67;75,67;0;0
2018-10-10;76,96;76,96;76,55;76,96;0;0
2018-10-09;76,86;76,86;76,65;76,65;0;0
2018-10-08;77,43;77,43;74,90;76,40;0;0
2018-10-05;77,48;77,48;77,48;77,48;0;0
2018-10-04;78,05;78,17;76,60;76,60;5.000;3.903
2018-10-02;79,25;79,25;75,90;76,00;45.000;35.600
2018-10-01;81,25;81,25;79,00;80,00;0;0
2018-09-28;81,55;81,55;80,90;80,95;0;0
2018-09-27;79,50;82,50;79,50;80,50;0;0
2018-09-26;83,61;84,00;79,00;80,00;0;0
2018-09-25;85,21;85,35;82,67;83,61;0;0
2018-09-24;87,50;87,50;85,00;86,00;17.000;14.620
2018-09-21;90,01;90,01;87,98;88,02;20.000;17.820
2018-09-20;90,17;90,27;90,02;90,02;0;0
2018-09-19;91,06;91,77;91,06;91,77;0;0
2018-09-18;91,28;92,67;91,28;91,77;0;0
2018-09-17;92,62;92,77;92,62;92,77;0;0
2018-09-14;93,03;93,04;92,57;92,57;50.000;46.520
2018-09-13;92,78;93,13;92,78;93,03;0;0
2018-09-12;91,94;92,78;91,94;92,78;0;0
2018-09-11;92,64;92,75;91,94;91,94;0;0
2018-09-10;92,63;92,68;92,63;92,68;0;0
2018-09-07;92,63;92,63;92,63;92,63;0;0
2018-09-06;92,63;92,63;92,63;92,63;0;0
2018-09-05;91,86;92,63;91,86;92,63;0;0
2018-09-04;92,48;92,63;92,48;92,63;0;0
2018-09-03;92,43;92,43;92,43;92,43;0;0
2018-08-31;92,23;92,33;92,23;92,33;0;0
2018-08-30;92,73;92,73;91,88;92,23;0;0
2018-08-29;92,53;92,73;92,53;92,73;0;0
2018-08-28;91,97;92,53;91,97;92,53;0;0
2018-08-27;92,32;92,32;91,72;92,02;0;0
2018-08-24;92,87;92,87;91,97;92,32;0;0
2018-08-23;93,07;93,07;92,47;92,87;0;0
2018-08-22;92,02;93,07;92,02;93,07;0;0
2018-08-21;92,97;92,97;92,77;92,92;0;0
2018-08-20;92,97;93,02;92,97;93,02;0;0
2018-08-17;93,21;93,21;92,97;92,97;0;0
2018-08-16;93,12;93,34;93,12;93,21;0;0
2018-08-15;93,07;93,34;93,07;93,34;0;0
2018-08-14;93,07;93,07;93,07;93,07;0;0
2018-08-13;93,07;93,07;93,07;93,07;0;0
2018-08-10;93,37;93,37;93,07;93,07;0;0
2018-08-09;93,22;93,37;93,12;93,37;0;0
2018-08-08;93,10;93,22;93,10;93,22;0;0
2018-08-07;92,20;93,00;92,20;93,00;0;0
2018-08-06;91,95;92,20;91,95;92,20;0;0
2018-08-03;92,05;92,10;92,05;92,10;0;0
2018-08-02;91,45;92,65;91,45;91,95;0;0
2018-08-01;94,28;94,28;91,45;91,45;0;0
2018-07-31;94,55;94,70;94,20;94,20;0;0
2018-07-30;94,60;94,60;94,60;94,60;0;0
2018-07-27;94,41;94,80;94,41;94,60;0;0
2018-07-26;94,45;94,80;94,45;94,80;0;0
2018-07-25;94,95;94,95;94,55;94,55;0;0
2018-07-24;94,95;94,95;94,70;94,70;0;0
2018-07-23;95,20;95,20;94,80;94,80;0;0
2018-07-20;94,95;95,01;94,95;95,01;0;0
2018-07-19;94,55;94,95;94,55;94,95;0;0
2018-07-18;94,60;94,60;94,60;94,60;0;0
2018-07-17;94,70;94,70;94,60;94,60;0;0
2018-07-16;95,35;95,35;94,75;94,75;0;0
2018-07-13;94,75;94,75;94,75;94,75;0;0
2018-07-12;94,75;94,85;94,75;94,75;0;0
2018-07-11;94,55;95,20;94,55;94,70;0;0
2018-07-10;94,40;94,70;94,40;94,70;0;0
2018-07-09;94,15;94,65;94,15;94,40;0;0
2018-07-06;95,40;95,40;94,00;94,00;0;0
2018-07-05;95,30;95,40;95,30;95,40;0;0
2018-07-04;95,20;95,40;95,20;95,40;0;0
2018-07-03;95,40;95,50;95,40;95,50;0;0
2018-07-02;95,50;96,75;94,50;95,45;5.000;4.838
2018-06-29;96,25;96,25;96,25;96,25;0;0
2018-06-28;99,75;99,75;99,50;99,50;45.000;44.850
2018-06-27;101,35;101,35;96,50;100,25;156.000;155.802
2018-06-26;101,10;101,35;101,10;101,35;0;0
2018-06-25;100,90;101,50;100,90;101,30;0;0
2018-06-22;99,00;101,90;99,00;100,90;140.000;141.778
2018-06-21;96,05;101,60;96,05;101,00;73.000;74.168
2018-06-20;100,25;100,38;100,25;100,25;0;0
2018-06-19;100,38;100,38;100,25;100,25;0;0
2018-06-18;100,50;100,50;100,50;100,50;0;0
2018-06-15;100,50;100,63;100,48;100,48;0;0
2018-06-14;100,50;102,10;100,50;102,10;0;0
2018-06-13;100,50;100,50;100,50;100,50;0;0
2018-06-12;100,50;100,50;100,50;100,50;0;0
2018-06-11;100,50;101,75;100,50;101,75;0;0
2018-06-08;100,50;100,50;100,50;100,50;0;0
2018-06-07;100,63;100,75;100,50;100,50;0;0
2018-06-06;100,63;100,63;100,63;100,63;0;0
2018-06-05;101,00;101,00;100,63;100,63;0;0
2018-06-04;100,75;101,25;100,75;101,25;0;0
2018-06-01;100,00;101,50;100,00;100,85;76.000;77.140
2018-05-31;101,25;101,30;101,25;101,30;80.000;81.025
2018-05-30;101,05;101,25;101,00;101,25;188.000;189.974
2018-05-29;101,80;101,80;101,05;101,20;24.000;24.432
2018-05-28;101,80;101,80;101,80;101,80;0;0
2018-05-25;101,80;101,80;101,80;101,80;0;0
2018-05-24;101,80;101,80;101,80;101,80;0;0
2018-05-23;101,80;101,80;101,80;101,80;0;0
2018-05-22;101,80;101,80;101,80;101,80;0;0
2018-05-18;101,80;101,80;101,80;101,80;0;0
2018-05-17;101,80;101,80;101,80;101,80;0;0
2018-05-16;101,80;101,80;101,80;101,80;0;0
2018-05-15;101,80;101,80;101,80;101,80;0;0
2018-05-14;101,80;101,80;101,80;101,80;0;0
2018-05-11;101,80;101,80;101,80;101,80;0;0
2018-05-10;101,80;101,80;101,80;101,80;0;0
2018-05-09;101,80;101,80;101,80;101,80;0;0
2018-05-08;101,25;101,80;101,25;101,80;0;0
2018-05-07;101,00;101,00;101,00;101,00;0;0
2018-05-04;101,00;102,20;101,00;101,00;24.000;24.520
2018-05-03;101,02;101,02;101,00;101,00;0;0
2018-05-02;101,80;101,80;101,00;101,00;11.000;11.198
2018-04-30;101,00;101,80;101,00;101,80;0;0
2018-04-27;101,00;101,70;101,00;101,00;42.000;42.609
2018-04-26;101,00;101,00;101,00;101,00;0;0
2018-04-25;101,15;101,25;101,00;101,00;20.000;20.250
2018-04-19;101,15;101,60;101,00;101,00;75.000;75.840
2018-04-18;101,85;102,35;101,05;101,05;20.000;20.370
2018-04-17;93,80;101,05;93,80;101,05;250.000;244.650
2018-04-16;92,80;94,89;92,80;94,00;18.000;17.046
2018-04-13;92,49;94,00;92,30;94,00;35.000;32.655
2018-04-12;92,63;92,80;92,30;92,30;2.000;1.846
2018-04-11;93,18;93,25;92,80;92,80;160.000;149.098
2018-04-10;94,30;94,30;93,55;93,69;30.000;28.290
2018-04-09;94,30;94,30;94,30;94,30;0;0
2018-04-06;94,30;94,30;94,30;94,30;0;0
2018-04-05;92,98;94,30;92,98;94,30;0;0
2018-04-04;93,08;93,80;93,08;93,80;0;0
2018-04-03;92,89;93,55;92,81;93,55;0;0
2018-03-29;93,05;93,41;93,05;93,41;0;0
2018-03-28;92,94;93,30;92,85;93,30;0;0
2018-03-27;92,05;92,85;92,05;92,85;0;0
2018-03-26;93,50;93,50;92,50;92,50;3.000;2.781
2018-03-23;94,36;94,36;94,05;94,05;0;0
2018-03-22;94,82;94,82;94,55;94,55;0;0
2018-03-21;94,80;94,80;94,80;94,80;0;0
2018-03-20;94,82;94,82;94,80;94,80;0;0
2018-03-19;94,79;94,80;94,79;94,80;0;0
2018-03-16;94,96;94,96;94,80;94,80;0;0
2018-03-15;94,97;95,30;94,80;94,80;0;0
2018-03-14;94,99;95,30;94,97;95,30;0;0
2018-03-13;94,80;95,50;94,80;95,30;88.000;83.879
2018-03-12;94,69;94,80;94,67;94,80;6.000;5.688
2018-03-09;94,70;95,05;94,70;94,80;55.000;52.278
2018-03-08;94,52;95,30;94,52;95,30;0;0
2018-03-07;97,55;97,55;97,05;97,50;63.000;61.200
2018-03-06;97,58;97,58;97,30;97,30;0;0
2018-03-05;97,58;97,58;97,55;97,55;0;0
2018-03-02;97,60;97,60;97,55;97,55;0;0
2018-03-01;97,60;97,60;97,55;97,55;0;0
2018-02-28;97,80;97,80;97,55;97,55;0;0
2018-02-27;97,80;97,80;97,80;97,80;0;0
2018-02-26;97,80;97,80;97,80;97,80;0;0
2018-02-23;97,55;97,80;97,55;97,80;0;0
2018-02-22;97,67;97,80;97,55;97,80;0;0
2018-02-21;97,80;97,80;97,55;97,55;0;0
2018-02-20;97,80;97,80;97,55;97,55;0;0
2018-02-19;97,80;98,05;97,80;97,80;20.000;19.610
2018-02-16;97,80;97,80;97,55;97,80;0;0
2018-02-15;97,80;97,80;97,55;97,55;0;0
2018-02-14;97,80;97,80;97,55;97,55;0;0
2018-02-13;97,80;97,80;97,55;97,55;0;0
2018-02-12;97,78;97,78;97,50;97,50;0;0
2018-02-09;97,80;97,80;97,55;97,55;0;0
2018-02-08;97,80;97,80;97,80;97,80;0;0
2018-02-07;97,80;97,80;97,80;97,80;0;0
2018-02-06;97,92;98,05;97,80;97,80;125.000;122.563
2018-02-05;97,92;98,17;97,92;98,17;0;0
2018-02-02;97,92;98,15;97,80;98,15;176.000;172.650
2018-02-01;97,55;98,30;97,55;98,30;0;0
2018-01-31;97,18;98,05;97,18;98,05;0;0
2018-01-30;97,30;97,30;97,30;97,30;0;0
2018-01-29;96,55;97,50;96,55;97,50;0;0
2018-01-26;96,43;96,55;96,43;96,55;0;0
2018-01-25;96,05;96,55;96,05;96,55;0;0
2018-01-24;95,55;96,05;95,55;96,05;0;0
2018-01-23;95,68;95,80;95,55;95,80;0;0
2018-01-22;95,25;96,00;95,25;96,00;89.000;85.440
2018-01-19;95,00;95,00;95,00;95,00;75.000;71.250
2018-01-18;94,90;95,00;94,75;95,00;0;0
2018-01-17;94,85;94,85;94,75;94,75;0;0
2018-01-16;94,75;94,75;94,75;94,75;0;0
2018-01-15;94,75;94,75;94,75;94,75;0;0
2018-01-12;94,70;94,75;94,70;94,75;0;0
2018-01-11;94,58;94,95;94,58;94,70;0;0
2018-01-10;94,70;94,70;94,70;94,70;0;0
2018-01-09;94,95;94,95;94,70;94,70;0;0
2018-01-08;94,58;94,70;94,58;94,70;0;0
2018-01-05;94,70;95,04;94,45;94,70;65.000;61.776
2018-01-04;94,95;94,95;94,45;94,45;0;0
2018-01-03;94,45;95,09;94,45;94,45;90.000;85.581
2018-01-02;94,54;94,54;94,54;94,54;0;0
2017-12-29;94,54;94,54;94,54;94,54;0;0
2017-12-28;94,54;94,54;94,54;94,54;0;0
2017-12-27;94,60;94,60;94,54;94,56;0;0
2017-12-22;94,50;94,55;94,50;94,50;0;0
2017-12-21;94,65;94,70;94,45;94,50;20.000;18.910
2017-12-20;94,90;94,90;94,65;94,65;0;0
2017-12-19;94,90;94,90;94,90;94,90;0;0
2017-12-18;94,90;94,90;94,90;94,90;0;0
2017-12-15;94,95;94,95;94,90;94,90;0;0
2017-12-14;94,95;94,95;94,95;94,95;0;0
2017-12-13;94,95;94,95;94,95;94,95;0;0
2017-12-12;94,95;95,45;94,95;94,95;25.000;23.863
2017-12-11;94,95;94,95;94,90;94,95;0;0
2017-12-08;94,33;94,90;94,25;94,90;0;0
2017-12-07;94,00;94,33;94,00;94,33;0;0
2017-12-06;93,45;94,00;93,45;94,00;3.000;2.813
2017-12-05;92,83;93,08;92,83;93,08;10.000;9.300
2017-12-04;92,83;92,83;92,83;92,83;0;0
2017-12-01;92,73;92,73;92,73;92,73;0;0
2017-11-30;92,83;92,83;92,55;92,55;0;0
2017-11-29;91,58;92,75;91,45;92,75;190.000;175.259
2017-11-28;91,58;91,58;91,58;91,58;0;0
2017-11-27;91,58;92,12;91,58;92,12;0;0
2017-11-24;91,58;91,99;91,58;91,99;5.000;4.600
2017-11-23;91,58;91,58;91,58;91,58;0;0
2017-11-22;91,58;91,85;91,58;91,58;35.000;32.134
2017-11-21;91,58;91,85;91,58;91,58;30.000;27.548
2017-11-20;91,35;91,35;91,35;91,35;0;0
2017-11-17;91,35;91,35;91,35;91,35;0;0
2017-11-16;91,35;91,35;91,35;91,35;0;0
2017-11-15;91,58;91,58;91,35;91,35;75.000;68.685
2017-11-14;91,58;91,58;91,58;91,58;0;0
2017-11-13;91,58;92,00;91,10;91,85;227.000;208.305
2017-11-10;91,58;91,58;91,58;91,58;0;0
2017-11-09;91,58;92,12;91,58;91,58;67.000;61.720
2017-11-08;91,58;92,14;91,58;91,58;50.000;46.070
2017-11-07;91,58;91,58;91,58;91,58;0;0
2017-11-06;91,49;91,58;91,49;91,58;0;0
2017-11-03;91,58;91,58;91,58;91,58;0;0
2017-11-02;91,75;91,75;91,58;91,58;0;0
2017-11-01;91,55;91,75;91,55;91,75;0;0
2017-10-31;91,15;91,85;91,15;91,50;8.000;7.348
2017-10-30;91,28;91,60;91,23;91,60;20.000;18.316
2017-10-27;91,26;91,38;91,26;91,38;0;0
2017-10-26;91,57;91,58;91,45;91,50;0;0
2017-10-25;91,58;91,58;91,49;91,49;0;0
2017-10-24;91,58;91,58;91,58;91,58;0;0
2017-10-23;91,58;91,58;91,58;91,58;0;0
2017-10-20;91,51;91,51;91,51;91,51;0;0
2017-10-19;91,45;92,55;91,45;91,85;40.000;36.968
2017-10-18;91,58;92,00;91,20;91,95;252.000;230.836
2017-10-17;91,58;91,75;91,58;91,66;23.000;21.103
2017-10-16;91,58;91,58;91,38;91,38;0;0
2017-10-13;91,58;91,58;91,25;91,30;137.000;125.451
2017-10-12;91,45;91,58;91,45;91,58;0;0
2017-10-11;91,45;91,45;91,45;91,45;0;0
2017-10-10;91,45;91,45;91,45;91,45;0;0
2017-10-09;91,45;91,45;91,45;91,45;0;0
2017-10-06;91,45;91,45;91,45;91,45;0;0
2017-10-05;91,57;91,57;91,45;91,45;0;0
2017-10-04;91,45;91,45;91,45;91,45;0;0
2017-10-03;91,16;91,45;90,70;91,45;0;0
2017-10-02;91,45;92,00;91,20;91,20;75.000;68.750
2017-09-29;91,88;91,88;91,50;91,50;100.000;91.850
2017-09-28;92,20;92,20;92,00;92,00;100.000;92.200
2017-09-27;92,20;92,20;92,00;92,00;95.000;87.590
2017-09-26;92,20;92,20;92,20;92,20;0;0
2017-09-25;92,50;92,55;92,40;92,40;125.000;115.650
2017-09-22;92,58;92,60;92,58;92,60;15.000;13.890
2017-09-21;92,00;92,60;92,00;92,00;55.000;50.930
2017-09-20;92,10;92,10;92,10;92,10;0;0
2017-09-19;92,00;92,60;92,00;92,30;16.000;14.816
2017-09-18;92,58;92,58;92,10;92,10;10.000;9.230
2017-09-15;92,58;92,58;92,58;92,58;0;0
2017-09-14;92,00;92,00;92,00;92,00;0;0
2017-09-13;92,65;92,70;92,00;92,00;0;0
2017-09-12;92,90;92,90;92,30;92,30;106.000;98.438
2017-09-11;92,05;92,90;92,05;92,90;0;0
2017-09-08;92,24;92,95;92,12;92,95;10.000;9.285
2017-09-07;92,85;92,90;92,85;92,85;210.000;195.000
2017-09-06;92,95;92,95;92,95;92,95;0;0
2017-09-05;92,81;92,95;92,00;92,00;0;0
2017-09-04;92,90;92,95;92,90;92,95;0;0
2017-09-01;91,95;92,90;91,95;92,90;0;0
2017-08-31;91,45;91,95;91,45;91,95;47.000;43.090
2017-08-30;85,50;88,54;85,50;88,15;150.000;132.420
2017-08-29;85,50;85,50;85,50;85,50;0;0
2017-08-28;85,21;85,50;84,80;85,50;99.000;84.500
2017-08-25;83,95;85,13;83,95;84,95;1.000;851
2017-08-24;83,95;85,43;83,95;83,95;50.000;42.715
2017-08-23;83,08;84,14;83,08;83,95;50.000;42.070
2017-08-22;83,08;83,08;83,08;83,08;0;0
2017-08-21;83,08;83,08;83,08;83,08;0;0
2017-08-18;82,95;82,95;82,95;82,95;0;0
2017-08-17;82,95;82,95;82,95;82,95;0;0
2017-08-16;82,95;82,95;82,95;82,95;0;0
2017-08-15;82,95;82,95;82,95;82,95;0;0
2017-08-14;82,85;82,95;82,85;82,95;0;0
2017-08-11;83,00;83,00;81,50;81,50;0;0
2017-08-10;83,65;83,65;83,00;83,00;20.000;16.720
2017-08-09;83,65;83,70;83,60;83,60;0;0
2017-08-08;83,70;83,70;83,70;83,70;0;0
2017-08-07;82,84;82,84;82,84;82,84;0;0
2017-08-04;82,49;82,49;82,49;82,49;0;0
2017-08-03;83,45;83,70;83,45;83,70;0;0
2017-08-02;83,20;83,45;83,20;83,45;0;0
2017-08-01;83,25;84,25;83,20;83,20;2.000;1.685
2017-07-31;82,45;83,25;82,45;83,25;20.000;16.620
2017-07-28;82,45;82,45;82,45;82,45;0;0
2017-07-27;81,70;82,45;81,70;82,45;100.000;82.450
2017-07-26;81,83;81,83;80,80;80,80;26.000;21.276
2017-07-25;81,83;81,83;81,20;81,20;26.000;21.276
2017-07-24;81,70;81,83;81,70;81,83;0;0
2017-07-21;81,70;81,70;81,70;81,70;0;0
2017-07-20;81,70;81,70;81,70;81,70;0;0
2017-07-19;82,20;82,20;81,70;81,70;0;0
2017-07-18;82,33;82,33;82,20;82,20;20.000;16.440
2017-07-17;82,95;82,95;82,33;82,33;70.000;58.065
2017-07-14;82,95;82,95;82,75;82,75;5.000;4.138
2017-07-13;80,95;82,45;80,95;82,45;0;0
2017-07-12;81,20;81,95;81,20;81,95;0;0
2017-07-11;78,00;81,70;78,00;81,70;42.000;34.314
2017-07-10;80,29;80,50;79,00;80,50;30.000;24.087
2017-07-07;83,00;83,20;81,00;81,00;70.000;57.140
2017-07-06;84,29;84,55;83,25;83,25;17.000;14.358
2017-07-05;85,13;85,55;84,92;84,95;210.000;178.688
2017-07-04;85,00;85,05;84,88;84,88;0;0
2017-07-03;85,75;85,75;85,50;85,60;40.000;34.200
2017-06-30;85,75;85,75;85,75;85,75;0;0
2017-06-29;85,00;85,00;85,00;85,00;0;0
2017-06-28;85,38;85,98;85,25;85,25;0;0
2017-06-27;85,43;85,50;85,43;85,50;0;0
2017-06-26;85,68;85,68;85,43;85,43;0;0
2017-06-23;85,68;85,68;85,68;85,68;0;0
2017-06-22;85,68;85,68;85,31;85,31;0;0
2017-06-21;85,68;85,68;85,68;85,68;0;0
2017-06-20;85,58;85,58;85,31;85,31;0;0
2017-06-19;85,33;85,60;85,33;85,60;0;0
2017-06-16;85,58;85,60;85,58;85,60;0;0
2017-06-15;85,60;85,60;85,60;85,60;0;0
2017-06-14;85,00;85,00;85,00;85,00;0;0
2017-06-13;85,00;85,00;85,00;85,00;0;0
2017-06-12;85,00;85,00;85,00;85,00;0;0
2017-06-09;85,00;85,00;85,00;85,00;0;0
2017-06-08;85,00;85,00;85,00;85,00;0;0
2017-06-07;85,00;85,00;85,00;85,00;0;0
2017-06-06;86,58;86,58;86,00;86,00;0;0
2017-06-05;87,33;87,50;87,33;87,50;0;0
2017-06-02;87,45;87,45;87,35;87,35;0;0
2017-06-01;87,33;87,35;87,33;87,35;0;0
2017-05-31;81,25;85,50;81,25;85,50;0;0
2017-05-30;81,85;83,20;81,85;83,20;0;0
2017-05-29;81,65;81,85;81,65;81,85;0;0
2017-05-26;81,68;82,00;81,68;82,00;0;0
2017-05-25;82,00;82,00;82,00;82,00;0;0
2017-05-24;81,95;82,00;81,95;82,00;0;0
2017-05-23;81,70;82,00;81,70;82,00;0;0
2017-05-22;81,70;81,70;81,70;81,70;0;0
2017-05-19;81,70;81,70;81,70;81,70;0;0
2017-05-18;80,00;82,13;80,00;81,70;0;0
2017-05-17;80,25;83,30;80,25;82,13;115.000;95.750
2017-05-16;79,75;80,90;79,75;80,25;0;0
2017-05-15;79,63;79,75;79,63;79,75;0;0
2017-05-12;79,00;79,55;79,00;79,40;0;0
2017-05-11;79,00;79,00;79,00;79,00;0;0
2017-05-10;79,13;79,13;79,13;79,13;0;0
2017-05-09;78,75;79,00;78,75;79,00;0;0
2017-05-08;79,13;79,13;79,13;79,13;0;0
2017-05-05;79,00;79,00;78,50;79,00;0;0
2017-05-04;78,55;79,00;78,50;79,00;0;0
2017-05-03;78,75;78,75;78,55;78,75;0;0
2017-05-02;78,50;78,50;78,50;78,50;0;0
2017-04-28;78,63;78,63;78,63;78,63;0;0
2017-04-27;79,00;79,00;78,80;78,80;0;0
2017-04-26;79,05;79,35;78,70;79,35;200.000;158.430
2017-04-25;79,00;79,35;78,00;78,00;0;0
2017-04-24;79,50;79,50;79,15;79,15;0;0
2017-04-21;78,25;79,50;78,25;79,50;0;0
2017-04-20;79,50;79,50;79,15;79,20;45.000;35.625
2017-04-19;77,75;79,50;77,75;79,50;0;0
2017-04-18;78,00;78,50;78,00;78,50;0;0
2017-04-13;78,05;78,05;77,75;78,05;100.000;78.050
2017-04-12;78,50;78,50;78,10;78,10;0;0
2017-04-11;79,00;79,00;79,00;79,00;0;0
2017-04-10;79,13;79,13;78,50;78,50;100.000;79.050
2017-04-07;76,55;80,00;76,55;80,00;50.000;39.819
2017-04-06;73,55;73,56;73,00;73,00;15.000;11.033
2017-04-05;73,00;73,75;73,00;73,00;25.000;18.438
2017-04-04;73,80;74,20;73,25;73,50;95.000;70.110
2017-04-03;74,25;74,25;73,25;73,25;0;0
2017-03-31;74,25;74,25;74,00;74,00;0;0
2017-03-30;74,63;74,63;74,00;74,00;0;0
2017-03-29;74,55;74,55;74,00;74,00;0;0
2017-03-28;73,00;75,50;73,00;73,50;150.000;112.575
2017-03-27;73,00;73,00;73,00;73,00;0;0
2017-03-24;73,00;73,00;73,00;73,00;0;0
2017-03-23;74,00;74,00;73,95;73,95;0;0
2017-03-22;73,85;74,05;73,85;73,85;0;0
2017-03-21;73,80;73,95;73,80;73,95;40.000;29.580
2017-03-20;73,65;74,45;73,65;74,00;100.000;74.000
2017-03-17;73,95;74,00;73,95;74,00;0;0
2017-03-16;74,05;74,05;73,00;74,00;105.000;77.700
2017-03-15;73,95;74,00;73,95;74,00;0;0
2017-03-14;74,55;74,55;73,65;73,65;0;0
2017-03-13;75,00;75,00;73,00;73,00;0;0
2017-03-10;78,05;78,20;78,05;78,20;30.000;23.460
2017-03-09;79,00;79,00;78,80;78,80;0;0
2017-03-08;78,95;79,00;78,95;79,00;8.000;6.316
2017-03-07;78,80;78,89;78,80;78,89;0;0
2017-03-06;78,80;78,80;78,80;78,80;0;0
2017-03-03;78,60;78,80;78,58;78,80;0;0
2017-03-02;79,59;80,00;77,00;77,35;292.000;232.699
2017-03-01;73,13;79,00;73,00;79,00;0;0
2017-02-28;71,90;73,00;71,90;73,00;0;0
2017-02-27;72,00;72,00;72,00;72,00;0;0
2017-02-24;72,00;72,00;72,00;72,00;0;0
2017-02-23;72,25;72,25;72,00;72,00;0;0
2017-02-22;72,25;72,38;72,00;72,38;0;0
2017-02-21;72,00;72,00;72,00;72,00;0;0
2017-02-20;72,25;72,25;72,00;72,00;0;0
2017-02-17;71,90;71,90;71,90;71,90;0;0
2017-02-16;71,00;71,95;71,00;71,95;15.000;10.793
2017-02-15;71,25;71,25;71,00;71,00;0;0
2017-02-14;71,13;71,25;71,00;71,25;0;0
2017-02-13;71,63;71,63;71,50;71,50;0;0
2017-02-10;71,00;71,00;71,00;71,00;0;0
2017-02-09;71,00;71,00;71,00;71,00;0;0
2017-02-08;70,50;72,20;70,50;72,20;20.000;14.330
2017-02-07;70,38;70,50;70,38;70,50;0;0
2017-02-06;70,50;70,50;70,50;70,50;0;0
2017-02-03;70,50;70,50;70,50;70,50;0;0
2017-02-02;70,50;70,50;70,50;70,50;0;0
2017-02-01;70,63;71,50;70,50;70,50;10.000;7.150
2017-01-31;70,75;70,75;70,50;70,75;0;0
2017-01-30;70,50;70,50;70,50;70,50;0;0
2017-01-27;70,00;70,50;70,00;70,50;100.000;70.350
2017-01-26;68,88;70,00;68,88;70,00;100.000;70.000
2017-01-25;67,63;70,00;67,63;69,00;70.000;48.500
2017-01-24;66,63;67,95;66,63;67,95;0;0
2017-01-23;66,13;67,70;66,00;66,00;0;0
2017-01-20;66,50;66,50;66,00;66,00;0;0
2017-01-19;66,50;66,50;66,00;66,00;0;0
2017-01-18;65,50;66,70;65,50;66,00;20.000;13.340
2017-01-17;65,85;65,85;65,50;65,50;0;0
2017-01-16;65,50;66,05;65,50;65,50;0;0
2017-01-13;66,00;66,00;65,50;66,00;0;0
2017-01-12;65,50;65,50;65,50;65,50;0;0
2017-01-11;65,50;65,50;65,50;65,50;0;0
2017-01-10;65,50;65,50;65,50;65,50;0;0
2017-01-09;65,50;65,50;65,50;65,50;0;0
2017-01-06;65,50;65,50;65,50;65,50;0;0
2017-01-05;65,50;65,50;65,50;65,50;0;0
2017-01-04;65,50;65,50;65,50;65,50;0;0
2017-01-03;65,85;65,85;65,55;65,55;40.000;26.220
2017-01-02;65,72;65,72;65,55;65,55;0;0
2016-12-30;63,00;63,00;63,00;63,00;0;0
2016-12-29;65,10;65,10;65,10;65,10;12.000;7.812
2016-12-28;66,13;66,13;64,85;64,85;20.000;13.060
2016-12-27;66,06;66,06;66,05;66,05;0;0
2016-12-23;66,16;66,35;66,05;66,35;0;0
2016-12-22;66,10;66,10;66,10;66,10;0;0
2016-12-21;66,50;66,50;66,50;66,50;0;0
2016-12-20;66,50;67,90;66,50;66,50;10.000;6.790
2016-12-19;66,50;66,55;66,45;66,45;50.000;33.275
2016-12-16;66,38;66,38;66,38;66,38;0;0
2016-12-15;66,00;66,50;65,88;66,50;0;0
2016-12-14;67,00;67,00;66,00;66,00;95.000;63.650
2016-12-13;66,63;67,00;66,63;67,00;0;0
2016-12-12;65,00;66,38;65,00;66,38;0;0
2016-12-09;66,50;66,60;65,00;65,00;100.000;66.050
2016-12-08;65,00;65,00;65,00;65,00;0;0
2016-12-07;64,25;64,38;64,25;64,25;0;0
2016-12-06;64,25;64,25;64,15;64,15;0;0
2016-12-05;63,59;64,25;63,59;64,25;0;0
2016-12-02;64,50;64,50;63,55;63,55;0;0
2016-12-01;64,30;64,30;64,30;64,30;0;0
2016-11-30;66,50;66,50;64,00;64,00;100.000;64.000
2016-11-29;66,05;67,50;66,05;66,50;12.000;8.100
2016-11-28;64,50;64,50;64,50;64,50;;
2016-11-25;67,05;67,30;64,50;64,50;0;0
2016-11-24;69,20;69,20;69,20;69,20;25.000;17.300
2016-11-23;70,25;70,25;70,25;70,25;0;0
2016-11-22;70,25;70,25;70,25;70,25;0;0
2016-11-21;70,25;70,25;70,25;70,25;0;0
2016-11-18;70,25;70,38;70,25;70,38;0;0
2016-11-17;70,25;70,25;70,25;70,25;0;0
2016-11-16;70,25;70,25;70,25;70,25;0;0
2016-11-15;70,25;71,00;70,25;71,00;28.000;19.880
2016-11-14;71,25;71,25;70,25;70,25;32.000;22.780
2016-11-11;69,80;70,25;69,80;70,25;0;0
2016-11-10;69,80;69,80;69,80;69,80;0;0
2016-11-09;70,00;70,00;70,00;70,00;70.000;49.000
2016-11-08;69,90;70,50;69,90;70,50;0;0
2016-11-07;69,55;70,00;69,55;70,00;0;0
2016-11-04;70,00;70,00;70,00;70,00;0;0
2016-11-03;69,63;70,00;69,63;70,00;0;0
2016-11-02;69,55;69,65;69,50;69,50;0;0
2016-11-01;69,75;69,75;69,65;69,65;0;0
2016-10-31;69,13;69,50;69,13;69,50;0;0
2016-10-28;68,38;69,95;68,38;69,95;0;0
2016-10-27;68,405;68,50;68,405;68,50;0;0
2016-10-26;68,50;68,50;68,005;68,055;0;0
2016-10-25;67,75;67,75;67,75;67,75;0;0
2016-10-24;67,75;67,75;67,75;67,75;0;0
2016-10-21;67,75;67,75;67,75;67,75;0;0
2016-10-20;67,75;67,75;67,75;67,75;0;0
2016-10-19;67,25;68,00;67,25;68,00;45.000;30.600
2016-10-18;66,75;66,75;66,75;66,75;0;0
2016-10-17;66,55;66,55;66,55;66,55;0;0
2016-10-14;66,55;66,55;66,55;66,55;0;0
2016-10-13;66,50;66,50;66,50;66,50;0;0
2016-10-12;66,50;66,50;66,50;66,50;0;0
2016-10-11;66,37;66,37;66,37;66,37;;
2016-10-10;66,37;66,37;66,37;66,37;;
2016-10-07;66,37;66,37;66,37;66,37;;
2016-10-06;66,37;66,37;66,37;66,37;;
2016-10-05;66,37;66,37;66,37;66,37;;
2016-10-04;66,37;66,37;66,37;66,37;;
2016-10-03;66,37;66,37;66,37;66,37;0;0
2016-09-30;65,60;65,725;65,153;65,725;0;0
2016-09-29;64,875;64,875;63,475;63,575;0;0
2016-09-28;61,475;64,625;61,475;64,625;0;0
2016-09-27;62,10;62,178;61,50;61,50;0;0
2016-09-26;67,20;67,20;62,025;62,025;0;0
2016-09-23;66,25;66,525;63,60;63,60;0;0
2016-09-22;66,25;66,25;66,25;66,25;0;0
2016-09-21;66,125;66,175;63,35;66,175;0;0
2016-09-20;66,05;66,125;65,825;65,825;0;0
2016-09-19;66,00;66,05;66,00;66,05;0;0
2016-09-16;65,30;66,00;65,30;66,00;0;0
2016-09-15;65,00;65,65;65,00;65,55;0;0
2016-09-14;67,00;67,00;63,475;63,475;0;0
2016-09-13;65,10;67,00;64,225;67,00;0;0
2016-09-12;66,50;66,50;65,563;65,563;0;0
2016-09-09;67,25;67,30;67,053;67,053;0;0
2016-09-08;65,225;67,25;65,225;67,25;0;0
2016-09-07;65,225;68,10;65,225;65,234;0;0
2016-09-06;65,225;68,275;65,225;68,025;0;0
2016-09-05;68,295;68,295;64,975;65,225;0;0
2016-09-02;67,85;68,125;67,85;68,125;0;0
2016-09-01;67,055;67,875;67,055;67,875;0;0
2016-08-31;64,225;67,05;64,225;67,05;0;0
2016-08-30;67,625;67,625;65,50;65,625;0;0
2016-08-29;66,10;67,50;66,10;67,50;0;0
2016-08-26;62,525;65,65;62,525;65,65;0;0
2016-08-25;68,50;68,50;62,60;62,60;0;0
2016-08-24;68,50;68,50;68,475;68,475;0;0
2016-08-23;68,425;69,15;68,425;68,625;0;0
2016-08-22;67,225;69,15;67,225;69,15;0;0
2016-08-19;68,125;68,125;67,225;67,225;0;0
2016-08-18;67,90;68,20;67,90;68,175;0;0
2016-08-17;67,907;67,907;67,75;67,775;0;0
2016-08-16;68,375;68,425;68,291;68,291;0;0
2016-08-15;68,033;68,384;68,033;68,053;0;0
2016-08-12;68,00;68,589;68,00;68,00;0;0
2016-08-11;66,298;69,089;66,298;69,089;0;0
2016-08-10;65,75;67,30;65,75;67,30;0;0
2016-08-09;63,075;66,175;63,075;66,175;0;0
2016-08-08;61,65;62,325;61,375;62,325;0;0
2016-08-05;61,375;61,375;61,325;61,325;0;0
2016-08-04;61,50;61,527;61,375;61,375;0;0
2016-08-03;60,975;61,25;60,975;61,25;0;0
2016-08-02;61,142;61,142;60,975;60,975;0;0
2016-08-01;61,25;61,25;61,10;61,175;0;0
2016-07-29;62,055;62,119;61,125;61,125;0;0
2016-07-28;62,305;62,394;62,105;62,105;0;0
2016-07-27;62,11;62,426;62,11;62,426;0;0
2016-07-26;62,25;62,25;62,05;62,055;0;0
2016-07-25;63,214;63,214;62,50;62,50;0;0
2016-07-22;63,223;64,10;62,525;62,525;10.000;6.410
2016-07-21;63,04;63,16;63,04;63,16;0;0
2016-07-20;62,75;63,04;62,75;63,04;0;0
2016-07-19;62,625;62,648;62,523;62,523;0;0
2016-07-18;64,171;64,171;63,259;63,259;0;0
2016-07-15;64,10;64,10;64,00;64,025;0;0
2016-07-14;64,213;64,50;64,17;64,17;7.000;4.515
2016-07-13;64,213;64,213;63,864;64,125;0;0
2016-07-12;61,75;63,78;61,75;63,78;0;0
2016-07-11;60,75;62,90;60,75;62,90;0;0
2016-07-08;65,125;65,125;59,50;59,50;0;0
2016-07-07;66,597;66,597;65,339;65,339;0;0
2016-07-06;66,40;66,597;66,40;66,597;0;0
2016-07-05;68,698;68,698;66,65;66,65;0;0
2016-07-04;68,875;69,00;68,625;68,625;0;0
2016-07-01;69,85;69,85;68,925;68,925;0;0
2016-06-30;69,001;69,625;69,001;69,625;0;0
2016-06-29;68,553;69,259;68,25;69,259;0;0
2016-06-28;69,001;69,25;68,00;68,00;0;0
2016-06-27;70,347;70,347;69,349;69,371;0;0
2016-06-24;70,275;70,325;69,995;70,325;0;0
2016-06-23;73,175;73,175;72,00;72,25;0;0
2016-06-22;74,25;74,40;73,125;73,125;0;0
2016-06-21;72,50;74,375;72,50;74,375;0;0
2016-06-20;73,589;73,589;72,50;72,50;0;0
2016-06-17;69,267;72,50;69,267;72,50;0;0
2016-06-16;69,125;69,125;68,755;68,875;0;0
2016-06-15;65,00;69,50;65,00;69,50;0;0
2016-06-14;66,755;66,755;64,255;64,255;0;0
2016-06-13;68,50;68,50;66,80;66,80;0;0
2016-06-10;73,125;73,125;71,05;71,05;0;0
2016-06-09;75,375;75,375;71,005;74,15;0;0
2016-06-08;76,926;76,926;76,50;76,55;0;0
2016-06-07;80,535;80,575;78,75;78,75;0;0
2016-06-06;83,25;83,25;82,00;82,00;0;0
2016-06-03;83,33;83,50;83,33;83,50;0;0
2016-06-02;84,50;84,50;83,75;84,24;0;0
2016-06-01;86,214;86,214;84,375;84,375;0;0
2016-05-31;85,625;86,25;85,50;85,50;0;0
2016-05-30;83,385;85,625;83,385;85,625;0;0
2016-05-27;83,00;83,375;83,00;83,375;0;0
2016-05-26;83,755;84,125;83,70;83,70;0;0
2016-05-25;83,50;83,75;83,05;83,75;0;0
2016-05-24;84,875;84,875;83,25;83,25;0;0
2016-05-23;80,865;85,50;80,865;85,00;0;0
2016-05-20;91,00;91,00;82,255;82,255;0;0
2016-05-19;97,60;97,60;96,625;97,105;0;0
2016-05-18;100,076;100,076;98,65;98,65;0;0
2016-05-17;100,205;100,205;100,11;100,11;0;0
2016-05-16;100,001;100,001;100,001;100,001;0;0
2016-05-13;100,11;100,11;100,11;100,11;0;0
2016-05-12;100,086;100,21;100,086;100,11;0;0
2016-05-11;100,086;100,16;100,086;100,16;0;0
2016-05-10;100,056;100,066;100,056;100,066;0;0
2016-05-09;100,061;100,061;100,061;100,061;0;0
2016-05-06;100,126;100,126;100,052;100,052;0;0
2016-05-05;100,106;100,183;100,106;100,183;0;0
2016-05-04;100,106;100,106;100,106;100,106;0;0
2016-05-03;100,251;100,251;100,101;100,101;0;0
2016-05-02;100,301;100,301;100,301;100,301;0;0
2016-04-29;100,128;100,275;100,128;100,275;0;0
2016-04-28;100,027;100,027;100,027;100,027;0;0
2016-04-27;100,001;100,001;100,001;100,001;0;0
2016-04-26;100,025;100,025;100,025;100,025;0;0
2016-04-25;100,025;100,025;100,025;100,025;0;0
2016-04-22;100,051;100,051;100,025;100,025;0;0
2016-04-21;100,001;100,025;100,001;100,025;0;0
2016-04-20;100,00;100,00;100,00;100,00;0;0
2016-04-19;100,00;100,00;100,00;100,00;0;0
2016-04-18;100,00;100,00;100,00;100,00;0;0
2016-04-15;100,20;100,25;100,20;100,25;0;0
2016-04-14;100,001;100,001;100,00;100,00;0;0
2016-04-13;100,00;100,00;100,00;100,00;0;0
2016-04-12;100,125;100,125;100,00;100,00;0;0
2016-04-11;100,001;100,125;100,001;100,125;0;0
2016-04-08;100,001;100,005;100,001;100,005;0;0
2016-04-07;99,801;99,875;99,801;99,875;0;0
2016-04-06;99,783;99,783;99,775;99,775;0;0
2016-04-05;99,95;99,95;99,88;99,88;0;0
2016-04-04;100,001;100,001;99,75;99,95;0;0
2016-04-01;100,001;100,001;99,875;99,875;0;0
2016-03-31;99,751;99,80;99,75;99,80;0;0
2016-03-30;99,901;99,901;99,825;99,85;0;0
2016-03-29;99,60;99,825;99,60;99,825;0;0
2016-03-24;99,751;99,751;99,50;99,50;0;0
2016-03-23;100,001;100,001;99,75;99,75;0;0
2016-03-22;99,85;99,85;99,85;99,85;0;0
2016-03-21;99,801;100,00;99,801;99,85;3.000;3.000
2016-03-18;99,801;99,801;99,70;99,70;0;0
2016-03-17;99,751;99,751;99,55;99,55;0;0
2016-03-16;99,77;99,77;99,625;99,625;0;0
2016-03-15;99,801;99,801;99,73;99,73;0;0
2016-03-14;99,501;99,65;99,501;99,65;0;0
2016-03-11;99,751;99,751;99,55;99,75;0;0
2016-03-10;99,301;99,751;99,301;99,751;0;0
2016-03-09;99,251;99,301;99,251;99,301;0;0
2016-03-08;99,251;99,301;99,251;99,301;0;0
2016-03-07;99,801;99,801;99,251;99,251;0;0
2016-03-04;99,251;99,301;99,251;99,251;0;0
2016-03-03;99,251;99,251;99,251;99,251;0;0
2016-03-02;98,751;99,251;98,751;99,251;0;0
2016-03-01;98,401;98,751;98,401;98,751;0;0
2016-02-29;98,301;98,301;98,001;98,301;0;0
2016-02-26;97,801;98,301;97,801;98,301;0;0
2016-02-25;97,501;97,501;97,501;97,501;0;0
2016-02-24;98,001;98,091;98,001;98,001;0;0
2016-02-23;98,001;98,091;97,801;98,091;0;0
2016-02-22;98,001;98,001;97,801;98,001;0;0
2016-02-19;98,251;98,251;98,001;98,001;0;0
2016-02-18;96,801;97,801;96,801;97,801;0;0
2016-02-17;97,001;97,10;97,001;97,001;0;0
2016-02-16;96,001;97,001;96,001;97,001;0;0
2016-02-15;95,701;96,001;95,701;96,001;0;0
2016-02-12;93,501;95,751;93,501;95,751;0;0
2016-02-11;97,001;97,001;94,501;94,501;0;0
2016-02-10;97,70;97,70;97,251;97,501;0;0
2016-02-09;98,70;98,70;96,50;96,511;16.000;15.440
2016-02-08;99,566;99,566;98,001;98,001;0;0
2016-02-05;99,751;99,994;99,751;99,994;0;0
2016-02-04;100,001;100,001;99,751;99,751;0;0
2016-02-03;100,10;100,10;100,10;100,10;0;0
2016-02-02;100,101;100,151;100,101;100,151;0;0
2016-02-01;100,101;100,101;100,101;100,101;0;0
2016-01-29;100,101;100,101;100,101;100,101;0;0
2016-01-28;100,101;100,151;100,10;100,10;0;0
2016-01-27;99,801;100,10;99,801;100,10;0;0
2016-01-26;100,04;100,04;99,811;99,811;75.000;75.030
2016-01-25;100,201;100,201;100,201;100,201;0;0
2016-01-22;100,04;100,201;100,04;100,201;25.000;25.010
2016-01-21;99,501;99,501;99,266;99,266;0;0
2016-01-20;100,001;100,001;99,641;99,641;0;0
2016-01-19;100,001;100,001;100,001;100,001;0;0
2016-01-18;100,201;100,201;99,716;99,716;7.000;7.004
2016-01-15;99,834;100,001;99,834;100,001;0;0
2016-01-14;100,101;100,101;99,681;99,681;0;0
2016-01-13;100,051;100,101;100,051;100,101;0;0
2016-01-12;100,101;100,101;100,051;100,051;0;0
2016-01-11;100,161;100,251;100,101;100,101;0;0
2016-01-08;100,311;100,311;100,061;100,151;0;0
2016-01-07;100,261;100,261;100,041;100,041;0;0
2016-01-06;100,501;100,501;100,351;100,351;0;0
2016-01-05;100,311;100,311;100,311;100,311;0;0
2016-01-04;100,251;100,261;100,251;100,261;0;0
2015-12-30;100,651;100,651;100,651;100,651;0;0
2015-12-29;100,701;100,701;100,651;100,651;0;0
2015-12-28;100,601;100,601;100,601;100,601;0;0
2015-12-23;100,151;100,251;100,151;100,251;0;0
2015-12-22;100,501;100,501;100,151;100,151;0;0
2015-12-21;100,701;100,701;100,501;100,501;0;0
2015-12-18;100,501;100,501;100,501;100,501;0;0
2015-12-17;100,254;100,751;100,254;100,751;0;0
2015-12-16;100,011;100,111;100,01;100,111;0;0
2015-12-15;99,801;100,011;99,801;100,011;0;0
2015-12-14;100,151;100,161;99,781;99,781;0;0
2015-12-11;100,261;100,261;100,161;100,161;0;0
2015-12-10;100,031;100,661;100,031;100,661;0;0
2015-12-09;100,661;100,661;100,011;100,011;0;0
2015-12-08;100,661;100,751;100,661;100,661;0;0
2015-12-07;100,661;100,751;100,661;100,751;0;0
2015-12-04;100,971;100,971;100,671;100,701;0;0
2015-12-03;100,911;100,911;100,671;100,671;0;0
2015-12-02;100,831;100,881;100,761;100,761;0;0
2015-12-01;100,761;100,894;100,761;100,894;0;0
2015-11-30;100,991;100,991;100,831;100,831;0;0
2015-11-27;100,651;100,991;100,651;100,991;0;0
2015-11-26;100,651;100,711;100,651;100,711;0;0
2015-11-25;100,701;100,799;100,701;100,711;10.000;10.080
2015-11-24;100,651;100,751;100,651;100,751;0;0
2015-11-23;100,751;100,794;100,721;100,794;5.000;5.038
2015-11-20;100,651;100,871;100,651;100,841;0;0
2015-11-19;100,811;100,851;100,771;100,771;0;0
2015-11-18;100,801;100,821;100,801;100,821;0;0
2015-11-17;100,701;100,811;100,701;100,801;0;0
2015-11-16;101,001;101,001;100,811;100,811;0;0
2015-11-13;101,001;101,001;101,001;101,001;0;0
2015-11-12;100,651;101,001;100,651;101,001;0;0
2015-11-11;100,601;100,611;100,601;100,611;0;0
2015-11-10;100,501;100,601;100,501;100,601;0;0
2015-11-09;100,661;100,794;100,611;100,611;0;0
2015-11-06;100,501;100,661;100,501;100,661;0;0
2015-11-05;100,50;100,511;100,50;100,511;0;0
2015-11-04;100,501;100,501;100,361;100,361;0;0
2015-11-03;100,501;100,751;100,501;100,511;0;0
2015-11-02;100,701;100,701;100,511;100,511;2.000;2.014
2015-10-30;100,80;100,80;100,511;100,511;0;0
2015-10-29;100,901;100,901;100,901;100,901;0;0
2015-10-28;100,531;100,939;100,531;100,901;10.000;10.094
2015-10-27;100,601;100,601;100,393;100,393;0;0
2015-10-26;100,601;100,601;100,49;100,49;0;0
2015-10-23;100,531;100,54;100,531;100,54;0;0
2015-10-22;100,701;100,701;100,455;100,455;0;0
2015-10-21;100,301;101,01;100,215;100,50;50.000;50.505
2015-10-20;100,151;100,315;100,103;100,315;0;0
2015-10-19;100,251;100,251;100,103;100,103;0;0
2015-10-16;100,131;100,263;100,131;100,153;0;0
2015-10-15;100,251;100,251;100,135;100,135;0;0
2015-10-14;100,601;100,601;100,094;100,094;0;0
2015-10-13;100,551;100,551;100,388;100,388;0;0
2015-10-12;100,221;100,548;100,221;100,548;0;0
2015-10-09;100,832;100,832;100,244;100,448;0;0
2015-10-08;100,991;100,991;100,554;100,554;0;0
2015-10-07;100,431;100,793;100,431;100,793;0;0
2015-10-06;100,501;100,558;100,388;100,558;0;0
2015-10-05;100,751;100,751;100,393;100,393;0;0
2015-10-02;100,851;100,851;100,588;100,588;96.000;96.600
2015-10-01;100,851;100,851;100,575;100,625;0;0
2015-09-30;100,851;100,851;100,313;100,332;0;0
2015-09-29;100,751;100,751;100,482;100,482;20.000;20.121
2015-09-28;100,751;100,751;100,70;100,70;0;0
2015-09-25;100,501;100,788;100,501;100,788;0;0
2015-09-24;100,501;100,775;100,475;100,475;0;0
2015-09-23;100,751;100,751;100,573;100,573;0;0
2015-09-22;101,001;101,001;100,663;100,663;0;0
2015-09-21;100,746;100,938;100,746;100,938;0;0
2015-09-18;100,961;101,113;100,961;101,013;0;0
2015-09-17;100,938;101,136;100,938;101,136;0;0
2015-09-16;101,001;101,013;101,001;101,013;0;0
2015-09-15;101,001;101,001;100,938;100,938;0;0
2015-09-14;101,001;101,001;100,938;101,00;0;0
2015-09-11;101,001;101,05;101,001;101,05;0;0
2015-09-10;101,251;101,251;101,00;101,00;0;0
2015-09-09;101,251;101,313;101,125;101,125;0;0
2015-09-08;101,251;101,375;101,188;101,188;0;0
2015-09-07;101,251;101,338;101,188;101,338;0;0
2015-09-04;101,251;101,251;101,125;101,125;0;0
2015-09-03;101,271;101,271;101,063;101,125;0;0
2015-09-02;101,001;101,001;100,875;100,875;0;0
2015-09-01;101,001;101,001;100,888;100,888;0;0
2015-08-31;101,301;101,301;100,763;100,763;0;0
2015-08-28;100,564;100,913;100,564;100,913;0;0
2015-08-27;100,351;100,763;100,351;100,763;0;0
2015-08-26;100,501;100,501;100,18;100,188;0;0
2015-08-25;100,901;100,901;100,279;100,438;0;0
2015-08-24;101,501;101,501;100,21;100,21;0;0
2015-08-21;101,601;101,601;101,601;101,601;0;0
2015-08-20;101,521;101,521;101,30;101,35;0;0
2015-08-19;101,521;101,521;101,30;101,31;0;0
2015-08-18;101,521;101,521;101,31;101,31;0;0
2015-08-17;101,521;101,55;101,435;101,55;0;0
2015-08-14;101,501;101,501;101,30;101,49;0;0
2015-08-13;101,501;101,501;101,30;101,30;0;0
2015-08-12;101,701;101,701;101,325;101,325;0;0
2015-08-11;101,951;101,951;101,463;101,463;0;0
2015-08-10;101,651;101,651;101,40;101,45;0;0
2015-08-07;101,501;101,501;101,375;101,375;0;0
2015-08-06;102,101;102,101;101,80;101,80;0;0
2015-08-05;101,651;101,725;101,57;101,725;0;0
2015-08-04;101,601;101,601;101,50;101,50;0;0
2015-08-03;101,801;101,801;101,50;101,50;0;0
2015-07-31;101,701;101,701;101,48;101,48;0;0
2015-07-30;101,701;101,701;101,50;101,548;0;0
2015-07-29;101,351;101,55;101,351;101,55;0;0
2015-07-28;101,801;101,801;101,423;101,423;0;0
2015-07-27;101,511;101,649;101,438;101,649;0;0
2015-07-24;101,751;101,751;101,505;101,505;0;0
2015-07-23;101,511;101,63;101,511;101,63;0;0
2015-07-22;101,511;101,511;101,51;101,51;0;0
2015-07-21;101,531;101,531;101,51;101,51;0;0
2015-07-20;101,901;101,901;101,273;101,285;0;0
2015-07-17;101,251;101,251;101,005;101,005;0;0
2015-07-16;101,251;101,251;100,943;101,018;0;0
2015-07-15;101,301;101,301;100,963;101,018;0;0
2015-07-14;101,001;101,001;100,718;100,868;0;0
2015-07-13;100,651;100,68;100,605;100,68;0;0
2015-07-10;100,501;100,501;100,433;100,433;0;0
2015-07-09;100,201;100,255;100,13;100,255;0;0
2015-07-08;100,501;100,618;100,501;100,618;0;0
2015-07-07;100,051;101,49;100,051;100,253;5.000;5.075
2015-07-06;100,571;100,571;99,867;100,208;0;0
2015-07-03;100,751;100,751;100,551;100,551;0;0
2015-07-02;100,501;100,751;100,501;100,751;0;0
2015-07-01;100,101;100,101;100,001;100,001;0;0
2015-06-30;100,001;100,001;99,951;100,001;0;0
2015-06-29;100,301;100,301;99,851;99,951;0;0
2015-06-26;100,501;100,511;100,501;100,511;0;0
2015-06-25;100,501;100,801;100,501;100,601;0;0
2015-06-24;100,411;100,501;100,411;100,501;0;0
2015-06-23;100,551;100,551;100,411;100,411;0;0
2015-06-22;100,501;100,551;100,501;100,551;0;0
2015-06-19;100,501;100,601;100,501;100,511;0;0
2015-06-18;100,801;101,001;100,801;101,001;0;0
2015-06-17;100,391;100,801;100,391;100,801;0;0
2015-06-16;100,214;100,751;100,21;100,751;0;0
2015-06-15;101,201;101,501;101,201;101,501;0;0
2015-06-12;101,431;101,501;101,431;101,501;0;0
2015-06-11;101,401;101,501;101,401;101,501;0;0
2015-06-10;102,151;102,151;101,501;101,501;0;0
2015-06-09;102,301;102,301;102,30;102,301;0;0
2015-06-08;101,901;102,301;101,901;102,301;0;0
2015-06-05;102,501;102,501;102,101;102,101;0;0
2015-06-04;102,501;102,511;102,501;102,501;0;0
2015-06-03;101,501;102,501;101,501;102,501;0;0
2015-06-02;101,501;101,551;101,501;101,501;0;0
2015-06-01;100,811;101,751;100,811;101,751;4.000;4.032
2015-05-29;100,651;100,811;100,501;100,811;0;0
2015-05-28;100,501;100,501;100,501;100,501;0;0
2015-05-27;100,351;100,501;100,351;100,501;0;0
2015-05-26;100,301;100,351;100,301;100,351;0;0
2015-05-25;100,301;100,351;100,301;100,301;0;0
2015-05-22;100,501;100,501;100,301;100,301;0;0
2015-05-21;100,301;100,301;100,301;100,301;0;0
2015-05-20;100,251;100,301;100,201;100,301;0;0
2015-05-19;100,101;100,301;100,101;100,301;0;0
2015-05-18;100,101;100,151;100,101;100,151;0;0
2015-05-15;100,121;100,151;100,121;100,151;0;0
2015-05-14;100,101;100,131;100,101;100,131;0;0
2015-05-13;100,011;100,121;100,011;100,121;0;0
2015-05-12;100,361;100,361;100,011;100,011;0;0
2015-05-11;100,361;100,361;100,361;100,361;0;0
2015-05-08;100,381;100,381;100,361;100,361;0;0
2015-05-07;100,501;100,501;100,381;100,381;0;0
2015-05-06;100,501;100,501;100,401;100,501;0;0
2015-05-05;100,401;100,501;100,401;100,501;0;0
2015-05-04;100,651;100,651;100,401;100,401;0;0
2015-04-30;100,401;100,401;100,401;100,401;0;0
2015-04-29;100,551;100,551;100,401;100,401;0;0
2015-04-28;100,351;100,551;100,351;100,551;0;0
2015-04-27;100,501;100,501;100,281;100,281;0;0
2015-04-24;100,301;100,501;100,301;100,501;0;0
2015-04-23;100,201;100,311;100,201;100,311;0;0
2015-04-22;100,001;100,101;100,001;100,101;0;0
2015-04-21;100,011;100,011;100,001;100,001;0;0
2015-04-20;100,011;100,011;100,011;100,011;0;0
2015-04-17;100,101;100,101;100,101;100,101;0;0
2015-04-16;99,901;100,101;99,901;100,101;0;0
2015-04-15;100,001;100,011;99,901;100,011;0;0
2015-04-14;100,001;100,101;100,001;100,011;0;0
2015-04-13;100,101;100,101;100,001;100,001;0;0
2015-04-10;100,001;100,101;100,001;100,101;0;0
2015-04-09;100,251;100,251;100,021;100,211;0;0
2015-04-08;100,301;100,301;100,251;100,251;0;0
2015-04-07;100,001;100,061;100,001;100,061;0;0
2015-04-02;100,001;100,061;100,001;100,001;0;0
2015-04-01;100,051;100,051;100,001;100,001;0;0
2015-03-31;100,301;100,301;100,101;100,211;0;0
2015-03-30;100,011;100,301;100,011;100,301;0;0
2015-03-27;99,751;100,201;99,751;100,201;0;0
2015-03-26;100,001;100,001;100,001;100,001;0;0
2015-03-25;100,201;100,201;100,001;100,001;0;0
2015-03-24;100,674;100,674;100,001;100,001;0;0
2015-03-23;100,351;100,351;100,251;100,251;0;0
2015-03-20;100,351;100,351;100,35;100,351;0;0
2015-03-19;100,401;100,411;100,351;100,351;0;0
2015-03-18;100,401;100,411;100,391;100,411;0;0
2015-03-17;100,401;100,501;100,401;100,451;0;0
2015-03-16;100,35;100,451;100,35;100,451;0;0
2015-03-13;100,351;100,551;100,351;100,351;0;0
2015-03-12;100,301;100,351;100,301;100,351;0;0
2015-03-11;100,301;100,301;100,301;100,301;0;0
2015-03-10;100,501;100,501;100,301;100,301;0;0
2015-03-09;100,301;100,501;100,301;100,401;0;0
2015-03-06;100,351;100,401;100,351;100,401;0;0
2015-03-05;100,201;100,401;100,20;100,401;0;0
2015-03-04;100,201;100,401;100,201;100,401;0;0
2015-03-03;100,301;100,301;100,301;100,301;0;0
2015-03-02;100,001;100,601;100,001;100,601;0;0
2015-02-27;100,501;100,501;100,301;100,301;0;0
2015-02-26;100,501;100,501;100,351;100,351;0;0
2015-02-25;100,70;100,70;100,501;100,501;4.000;4.028
2015-02-24;100,376;100,501;100,376;100,501;0;0
2015-02-23;100,101;100,351;100,101;100,351;0;0
2015-02-20;100,301;100,501;100,251;100,251;0;0
2015-02-19;100,501;100,501;100,301;100,301;0;0
2015-02-18;100,501;100,501;100,501;100,501;0;0
2015-02-17;100,501;100,511;100,501;100,511;0;0
2015-02-16;100,201;100,501;100,201;100,501;0;0
2015-02-13;100,151;100,151;100,151;100,151;0;0
2015-02-12;100,501;100,551;100,50;100,551;0;0
2015-02-11;100,451;100,551;100,451;100,521;0;0
2015-02-10;100,351;100,501;100,351;100,501;0;0
2015-02-09;100,401;100,511;100,401;100,511;0;0
2015-02-06;100,401;100,451;100,351;100,451;0;0
2015-02-05;100,251;100,826;100,251;100,401;0;0
2015-02-04;100,50;100,50;100,351;100,351;9.000;9.036
2015-02-03;100,501;100,501;100,50;100,50;0;0
2015-02-02;100,501;100,501;100,251;100,251;0;0
2015-01-30;100,501;100,501;100,101;100,101;0;0
2015-01-29;100,001;100,501;100,001;100,501;0;0
2015-01-28;99,801;100,101;99,801;100,101;0;0
2015-01-27;100,001;100,151;100,001;100,151;0;0
2015-01-26;100,151;100,151;100,001;100,051;20.000;20.010
2015-01-23;99,751;100,151;99,751;100,151;0;0
2015-01-22;99,601;99,751;99,601;99,751;0;0
2015-01-21;99,501;99,501;99,301;99,301;0;0
2015-01-20;99,751;100,099;99,751;99,751;23.000;23.023
2015-01-19;99,801;99,801;99,751;99,751;0;0
2015-01-16;99,501;99,501;99,501;99,501;0;0
2015-01-15;99,251;99,501;99,251;99,501;10.000;9.925
2015-01-14;99,601;99,601;99,351;99,351;0;0
2015-01-13;99,50;99,75;99,50;99,75;30.000;29.850
2015-01-12;99,901;99,901;99,90;99,90;0;0
2015-01-09;99,401;99,501;99,401;99,501;0;0
2015-01-08;99,351;99,401;99,351;99,401;0;0
2015-01-07;98,92;99,355;98,92;99,305;0;0
2015-01-06;98,92;98,92;98,92;98,92;0;0
2015-01-05;99,50;99,50;98,92;98,92;5.000;4.975
2015-01-02;98,25;99,495;98,25;98,92;5.000;4.975
2014-12-30;97,00;97,00;97,00;97,00;0;0
2014-12-29;97,00;97,00;97,00;97,00;0;0
2014-12-23;97,00;97,00;97,00;97,00;0;0
2014-12-22;97,00;99,00;97,00;97,00;20.000;19.800
2014-12-19;97,00;97,00;97,00;97,00;0;0
2014-12-18;97,00;97,00;97,00;97,00;0;0
2014-12-17;97,00;97,00;97,00;97,00;0;0
2014-12-16;97,825;97,825;97,825;97,825;0;0
2014-12-15;99,30;99,30;97,825;97,825;5.000;4.965
2014-12-12;99,30;99,30;99,30;99,30;0;0
2014-12-11;99,30;99,50;99,30;99,30;5.000;4.975
2014-12-10;99,30;99,30;99,30;99,30;0;0
2014-12-09;99,40;99,40;99,30;99,30;0;0
2014-12-08;99,30;99,40;99,30;99,40;0;0
2014-12-05;99,30;99,30;99,30;99,30;0;0
2014-12-04;98,40;99,30;98,40;99,30;0;0
2014-12-03;98,40;98,40;98,40;98,40;0;0
2014-12-02;98,40;98,40;98,40;98,40;0;0
2014-12-01;98,40;98,40;98,40;98,40;0;0
2014-11-28;98,65;98,65;98,40;98,40;0;0
2014-11-27;98,65;99,50;98,65;98,65;40.000;39.800
2014-11-26;98,20;98,65;98,20;98,65;0;0
2014-11-25;98,20;98,20;98,20;98,20;0;0
2014-11-24;97,50;98,20;97,50;98,20;0;0
2014-11-21;98,40;98,40;98,40;98,40;0;0
2014-11-20;98,40;98,40;98,40;98,40;0;0
2014-11-19;97,50;98,40;97,50;98,40;0;0
2014-11-18;97,50;97,50;97,50;97,50;0;0
2014-11-17;97,50;98,90;97,50;98,90;0;0
2014-11-14;98,80;98,80;98,53;98,53;0;0
2014-11-13;98,80;98,88;98,80;98,88;0;0
2014-11-12;98,65;98,83;98,65;98,83;0;0
2014-11-11;97,00;97,50;97,00;97,50;0;0
2014-11-10;97,00;97,00;97,00;97,00;0;0
2014-11-07;97,00;97,00;97,00;97,00;0;0
2014-11-06;99,00;99,00;97,00;97,00;2.000;1.980
2014-11-05;97,00;98,00;97,00;98,00;0;0
2014-11-04;97,00;98,45;97,00;97,00;53.000;52.179
2014-11-03;97,00;97,00;97,00;97,00;0;0
2014-10-31;97,00;97,00;97,00;97,00;0;0
2014-10-30;97,00;98,025;97,00;97,875;30.000;29.408
2014-10-29;97,00;97,729;97,00;97,729;0;0
2014-10-28;97,00;97,50;97,00;97,50;0;0
2014-10-27;94,00;98,60;94,00;97,50;20.000;19.720
2014-10-24;93,50;96,30;93,50;95,90;40.000;38.460
2014-10-23;92,75;93,50;92,75;93,50;0;0
2014-10-22;90,60;90,85;90,60;90,85;0;0
2014-10-21;90,60;90,60;90,60;90,60;0;0
2014-10-20;90,60;90,60;90,60;90,60;0;0
2014-10-17;90,60;90,60;90,60;90,60;0;0
2014-10-16;90,60;90,60;90,60;90,60;0;0
2014-10-15;92,50;92,50;90,60;90,60;0;0
2014-10-14;92,50;93,00;92,50;92,50;0;0
2014-10-13;94,00;94,00;92,50;93,60;0;0
2014-10-10;95,00;95,00;94,00;94,00;3.000;2.850
2014-10-09;95,00;95,00;95,00;95,00;0;0
2014-10-08;95,25;95,25;95,00;95,00;0;0
2014-10-07;95,25;96,50;95,25;95,25;14.000;13.510
2014-10-06;95,25;97,05;95,25;95,25;12.000;11.641
2014-10-03;95,25;95,25;95,25;95,25;0;0
2014-10-02;95,00;95,00;94,25;94,25;0;0
2014-10-01;96,25;97,00;96,25;96,50;0;0
2014-09-30;97,50;97,50;95,25;95,25;0;0
2014-09-29;97,90;97,90;96,75;96,75;5.000;4.888
2014-09-26;97,90;97,90;95,85;97,50;50.000;48.750
2014-09-25;98,00;98,10;97,90;97,90;2.000;1.962
2014-09-24;98,00;98,00;98,00;98,00;26.000;25.480
2014-09-23;98,00;98,00;98,00;98,00;0;0
2014-09-22;98,15;98,15;98,00;98,00;61.000;59.780
2014-09-19;96,50;98,15;96,50;98,15;20.000;19.630
2014-09-18;96,50;98,10;96,50;98,10;0;0
2014-09-17;97,80;98,10;97,80;98,10;0;0
2014-09-16;97,80;97,80;97,80;97,80;0;0
2014-09-15;98,00;98,00;96,50;96,50;0;0
2014-09-12;98,00;98,00;98,00;98,00;0;0
2014-09-11;98,00;98,00;98,00;98,00;0;0
2014-09-10;98,05;98,50;98,00;98,00;0;0
2014-09-09;98,10;98,50;98,05;98,05;85.000;83.625
2014-09-08;98,15;98,15;98,15;98,15;0;0
2014-09-05;98,25;98,50;98,25;98,25;15.000;14.775
2014-09-04;97,90;98,25;97,75;98,25;0;0
2014-09-03;97,85;97,90;97,85;97,90;0;0
2014-09-02;96,50;97,85;96,50;97,85;0;0
2014-09-01;97,60;97,60;96,90;97,60;0;0
2014-08-29;97,50;97,60;97,50;97,60;0;0
2014-08-28;97,50;98,00;97,50;97,50;0;0
2014-08-27;96,00;97,40;96,00;97,40;0;0
2014-08-26;96,90;96,90;96,90;96,90;0;0
2014-08-25;95,75;97,50;95,75;95,75;25.000;24.375
2014-08-22;97,00;97,75;97,00;97,75;0;0
2014-08-21;97,00;97,00;97,00;97,00;0;0
2014-08-20;96,65;96,65;95,75;96,65;0;0
2014-08-19;95,75;96,65;95,75;96,65;0;0
2014-08-18;95,75;96,90;95,75;95,75;0;0
2014-08-15;95,75;95,75;95,75;95,75;0;0
2014-08-14;95,75;95,75;95,75;95,75;0;0
2014-08-13;95,75;95,75;95,75;95,75;0;0
2014-08-12;95,75;95,75;95,75;95,75;0;0
2014-08-11;95,75;95,75;95,75;95,75;0;0
2014-08-08;96,50;96,50;94,75;95,50;30.000;28.650
2014-08-07;97,00;97,00;96,50;96,50;0;0
2014-08-06;97,00;97,00;97,00;97,00;0;0
2014-08-05;97,00;97,90;97,00;97,90;0;0
2014-08-04;97,00;97,00;97,00;97,00;0;0
2014-08-01;97,00;97,00;97,00;97,00;0;0
2014-07-31;98,80;98,90;97,00;97,00;0;0
2014-07-30;98,65;98,80;98,65;98,80;0;0
2014-07-29;98,65;98,65;96,75;96,75;0;0
2014-07-28;98,50;98,65;98,50;98,65;0;0
2014-07-25;98,40;98,50;98,40;98,50;0;0
2014-07-24;98,25;98,40;98,00;98,40;0;0
2014-07-23;98,20;98,25;98,20;98,25;0;0
2014-07-22;98,10;98,10;96,25;96,25;0;0
2014-07-21;98,10;98,10;98,10;98,10;0;0
2014-07-18;98,10;98,10;96,25;96,25;0;0
2014-07-17;96,25;98,10;96,25;98,10;0;0
2014-07-16;96,25;98,30;96,25;98,30;0;0
2014-07-15;95,75;97,95;95,75;96,25;0;0
2014-07-14;98,25;98,85;97,90;97,95;3.000;2.960
2014-07-11;95,75;97,00;95,75;97,00;0;0
2014-07-10;98,10;98,10;95,75;95,75;0;0
2014-07-09;98,15;98,15;98,10;98,10;0;0
2014-07-08;98,15;98,15;98,15;98,15;0;0
2014-07-07;97,90;98,15;97,90;98,15;0;0
2014-07-04;97,90;98,00;97,90;98,00;0;0
2014-07-03;97,05;98,25;97,05;97,90;15.000;14.738
2014-07-02;97,05;97,10;97,05;97,10;0;0
2014-07-01;96,95;97,05;96,95;97,05;0;0
2014-06-30;96,95;96,95;96,95;96,95;0;0
2014-06-27;97,05;97,05;95,75;95,75;0;0
2014-06-26;97,05;97,05;95,75;95,75;0;0
2014-06-25;97,05;97,05;97,05;97,05;0;0
2014-06-24;95,75;97,05;95,75;97,05;0;0
2014-06-23;96,95;96,95;96,90;96,95;1.000;970
2014-06-20;95,875;95,875;95,75;95,75;0;0
2014-06-19;95,875;95,875;95,875;95,875;0;0
2014-06-18;97,00;97,00;96,95;96,95;0;0
2014-06-17;97,30;97,30;97,30;97,30;0;0
2014-06-16;97,30;97,30;97,30;97,30;0;0
2014-06-13;97,30;97,30;97,30;97,30;0;0
2014-06-12;97,30;97,60;97,30;97,60;0;0
2014-06-11;96,70;97,30;96,70;97,30;0;0
2014-06-10;95,60;95,60;95,60;95,60;0;0
2014-06-09;95,60;95,60;95,60;95,60;0;0
2014-06-06;95,60;96,40;95,60;95,60;0;0
2014-06-05;96,20;96,40;96,20;96,40;0;0
2014-06-04;96,20;97,05;96,20;96,20;10.000;9.705
2014-06-03;96,15;96,20;96,15;96,20;0;0
2014-06-02;95,60;96,15;95,60;96,15;0;0
2014-05-30;97,00;97,15;95,55;95,55;30.000;29.108
2014-05-29;95,65;95,65;95,55;95,55;0;0
2014-05-28;95,40;95,65;95,40;95,65;0;0
2014-05-27;94,75;95,40;94,75;95,40;0;0
2014-05-26;95,50;95,50;95,40;95,40;0;0
2014-05-23;95,65;95,65;95,50;95,50;0;0
2014-05-22;95,65;96,25;95,65;96,25;0;0
2014-05-21;94,75;95,65;94,75;95,65;0;0
2014-05-20;96,10;96,60;94,25;94,25;35.000;33.660
2014-05-19;95,50;96,30;95,50;96,10;0;0
2014-05-16;96,50;96,50;96,30;96,30;0;0
2014-05-15;96,50;96,50;96,50;96,50;0;0
2014-05-14;96,75;96,75;96,50;96,50;0;0
2014-05-13;96,75;96,75;96,75;96,75;0;0
2014-05-12;96,75;96,75;96,75;96,75;0;0
2014-05-09;96,90;96,90;96,75;96,75;0;0
2014-05-08;96,70;96,90;96,70;96,90;0;0
2014-05-07;97,00;97,00;96,70;96,70;0;0
2014-05-06;97,10;97,10;96,50;96,50;0;0
2014-05-05;97,25;98,00;97,10;97,10;129.000;125.903
2014-05-02;97,25;97,25;96,45;97,25;20.000;19.450
2014-04-30;94,70;95,50;94,70;95,50;0;0
2014-04-29;94,50;94,70;94,50;94,70;0;0
2014-04-28;94,45;94,50;94,45;94,50;0;0
2014-04-25;94,45;94,45;93,75;93,75;0;0
2014-04-24;94,45;94,45;94,45;94,45;0;0
2014-04-23;94,35;94,45;94,35;94,45;0;0
2014-04-22;94,45;94,45;94,35;94,35;0;0
2014-04-17;94,40;94,45;94,40;94,45;0;0
2014-04-16;93,75;93,75;93,75;93,75;0;0
2014-04-15;93,75;94,40;93,75;94,40;0;0
2014-04-14;93,75;93,75;93,75;93,75;0;0
2014-04-11;94,30;95,30;94,30;94,40;20.000;19.060
2014-04-10;94,25;94,30;94,25;94,30;0;0
2014-04-09;93,75;94,25;93,75;94,25;0;0
2014-04-08;93,75;94,45;93,75;93,75;35.000;33.058
2014-04-07;93,75;93,75;93,75;93,75;0;0
2014-04-04;93,75;93,75;93,75;93,75;0;0
2014-04-03;93,40;94,25;93,40;93,75;100.000;94.250
2014-04-02;92,90;94,25;92,90;93,40;10.000;9.425
2014-04-01;92,90;92,90;92,90;92,90;0;0
2014-03-31;92,90;93,75;92,90;92,91;25.000;23.438
2014-03-28;92,15;92,70;92,15;92,70;0;0
2014-03-27;92,40;92,40;92,00;92,00;0;0
2014-03-26;92,25;92,40;92,25;92,40;0;0
2014-03-25;92,95;92,95;92,40;92,40;0;0
2014-03-24;92,90;92,90;92,90;92,90;0;0
2014-03-21;92,40;92,90;92,40;92,90;0;0
2014-03-20;92,25;92,40;92,25;92,40;0;0
2014-03-19;92,40;92,40;92,40;92,40;0;0
2014-03-18;92,25;92,40;92,25;92,40;0;0
2014-03-17;92,25;92,40;92,25;92,40;0;0
2014-03-14;92,25;92,25;92,25;92,25;0;0
2014-03-13;92,40;92,40;92,40;92,40;0;0
2014-03-12;92,25;92,40;92,25;92,40;0;0
2014-03-11;92,70;92,70;92,40;92,40;0;0
2014-03-10;92,70;92,70;92,70;92,70;0;0
2014-03-07;92,75;92,75;92,70;92,70;0;0
2014-03-06;92,75;92,75;92,75;92,75;0;0
2014-03-05;92,90;93,90;92,75;92,75;21.000;19.719
2014-03-04;92,90;92,95;92,90;92,95;42.000;39.021
2014-03-03;92,90;92,90;92,90;92,90;0;0
2014-02-28;92,25;92,90;92,25;92,90;0;0
2014-02-27;92,90;92,90;92,90;92,90;0;0
2014-02-26;92,90;92,90;92,90;92,90;5.000;4.645
2014-02-25;92,90;92,90;91,75;91,75;0;0
2014-02-24;92,40;92,90;92,40;92,90;0;0
2014-02-21;92,40;92,40;91,75;91,75;0;0
2014-02-20;91,75;91,75;91,75;91,75;0;0
2014-02-19;91,75;91,75;91,75;91,75;0;0
2014-02-18;91,75;91,75;91,75;91,75;0;0
2014-02-17;92,40;92,40;91,75;91,75;0;0
2014-02-14;91,75;91,75;91,75;91,75;0;0
2014-02-13;91,75;91,75;91,75;91,75;0;0
2014-02-12;91,75;91,75;91,75;91,75;0;0
2014-02-11;91,75;91,75;91,75;91,75;0;0
2014-02-10;92,50;92,50;91,75;91,75;50.000;46.250
2014-02-07;91,75;91,75;91,75;91,75;0;0
2014-02-06;91,75;91,75;91,75;91,75;0;0
2014-02-05;91,75;91,75;91,75;91,75;0;0
2014-02-04;91,75;91,75;91,00;91,00;19.000;17.433
2014-02-03;92,20;92,20;92,00;92,00;25.000;23.050
2014-01-31;92,20;92,20;91,70;91,70;50.000;46.025
2014-01-30;92,20;92,20;92,20;92,20;0;0
2014-01-29;92,20;92,95;92,20;92,20;25.000;23.238
2014-01-28;92,45;92,45;91,60;91,60;2.000;1.849
2014-01-27;92,70;92,70;91,65;91,65;25.000;23.175
2014-01-24;92,70;92,70;92,60;92,60;20.000;18.520
2014-01-23;93,45;93,45;92,25;92,25;0;0
2014-01-22;93,45;93,45;93,45;93,45;0;0
2014-01-21;92,70;93,10;92,70;93,10;0;0
2014-01-20;93,00;93,50;92,70;92,70;30.000;27.950
2014-01-17;91,95;91,95;91,95;91,95;0;0
2014-01-16;91,95;91,95;91,95;91,95;0;0
2014-01-15;90,30;91,95;90,30;91,95;0;0
2014-01-14;88,40;91,00;88,40;90,00;5.000;4.550
2014-01-13;87,95;89,90;87,95;89,00;40.000;35.855
2014-01-10;85,95;89,00;85,95;87,20;2.000;1.780
2014-01-09;84,95;87,50;84,95;87,50;12.000;10.440
2014-01-08;85,00;85,75;85,00;85,75;0;0
2014-01-07;83,30;86,00;83,15;83,95;158.000;133.493
2014-01-06;82,00;82,50;82,00;82,50;0;0
2014-01-03;81,25;81,95;81,25;81,95;0;0
2014-01-02;81,20;81,20;81,20;81,20;0;0
2013-12-30;78,90;82,30;78,90;82,30;0;0
2013-12-27;78,90;82,75;78,90;78,90;20.000;16.550
2013-12-23;78,90;78,90;78,90;78,90;0;0
2013-12-20;81,20;82,10;81,20;81,20;50.000;41.050
2013-12-19;81,40;81,40;81,20;81,20;0;0
2013-12-18;81,20;81,40;81,05;81,40;50.000;40.600
2013-12-17;80,95;80,95;80,80;80,80;0;0
2013-12-16;79,95;81,00;79,95;80,95;1.000;810
2013-12-13;79,90;79,90;79,90;79,90;0;0
2013-12-12;80,70;80,70;80,70;80,70;0;0
2013-12-11;80,15;80,90;80,15;80,50;2.000;1.618
2013-12-10;79,90;81,50;79,90;80,15;3.000;2.445
2013-12-09;80,50;80,50;80,50;80,50;0;0
2013-12-06;80,15;80,30;80,15;80,30;50.000;40.075
2013-12-05;80,15;80,15;80,15;80,15;0;0
2013-12-04;81,40;81,50;80,15;80,15;0;0
2013-12-03;82,20;82,20;81,65;81,65;215.000;176.085
2013-11-29;81,40;83,75;81,40;81,40;28.000;23.450
2013-11-28;80,90;81,15;80,90;81,15;0;0
2013-11-27;80,95;83,00;80,95;81,45;25.000;20.750
2013-11-26;80,95;80,95;80,95;80,95;0;0
2013-11-25;80,40;80,90;80,40;80,90;0;0
2013-11-22;79,90;80,95;79,90;80,95;0;0
2013-11-21;79,90;79,90;79,90;79,90;0;0
2013-11-20;80,20;80,20;80,20;80,20;0;0
2013-11-19;80,20;80,20;80,20;80,20;0;0
2013-11-18;78,30;81,65;78,30;80,20;55.000;44.158
2013-11-15;78,25;79,90;78,25;78,45;20.000;15.980
2013-11-14;77,45;78,10;77,45;78,10;0;0
2013-11-13;78,10;78,10;78,10;78,10;0;0
2013-11-12;77,90;78,10;77,90;78,10;0;0
2013-11-11;77,20;77,90;77,20;77,90;0;0
2013-11-08;77,65;78,00;77,65;78,00;0;0
2013-11-07;77,40;77,65;77,40;77,65;0;0
2013-11-06;77,20;77,40;77,20;77,40;0;0
2013-11-05;77,20;77,20;76,90;77,10;0;0
2013-11-04;76,90;76,90;76,90;76,90;0;0
2013-11-01;76,90;76,90;76,90;76,90;0;0
2013-10-31;76,90;76,90;76,90;76,90;0;0
2013-10-30;77,40;77,40;76,90;76,90;0;0
2013-10-29;78,00;78,00;77,40;77,40;0;0
2013-10-28;76,75;77,20;76,75;77,20;0;0
2013-10-25;76,75;77,25;76,75;77,25;0;0
2013-10-24;76,75;76,75;76,75;76,75;0;0
2013-10-23;77,75;77,75;76,75;76,75;25.000;19.438
2013-10-22;76,75;76,90;76,75;76,90;0;0
2013-10-21;76,75;76,75;76,75;76,75;0;0
2013-10-18;76,10;76,75;76,10;76,75;0;0
2013-10-17;75,90;76,10;75,90;76,10;0;0
2013-10-16;75,95;75,95;75,95;75,95;0;0
2013-10-15;76,00;76,00;76,00;76,00;0;0
2013-10-14;75,60;76,75;75,60;76,00;75.000;57.563
2013-10-11;75,40;75,60;75,30;75,60;0;0
2013-10-10;75,10;76,75;75,10;75,10;5.000;3.838
2013-10-09;75,10;75,45;75,10;75,45;0;0
2013-10-08;75,10;75,10;75,10;75,10;0;0
2013-10-07;74,95;75,10;74,95;75,10;0;0
2013-10-04;74,95;74,95;74,95;74,95;0;0
2013-10-03;74,95;74,95;74,95;74,95;0;0
2013-10-02;74,95;75,00;74,95;75,00;0;0
2013-10-01;74,95;74,95;74,95;74,95;0;0
2013-09-30;74,95;74,95;74,95;74,95;0;0
2013-09-27;75,45;75,45;75,45;75,45;0;0
2013-09-26;75,45;75,45;75,45;75,45;0;0
2013-09-25;75,45;75,45;75,45;75,45;0;0
2013-09-24;74,65;75,45;74,65;75,45;0;0
2013-09-23;73,95;75,80;73,95;74,65;0;0
2013-09-20;74,20;74,20;74,20;74,20;0;0
2013-09-19;72,95;74,00;72,95;74,00;0;0
2013-09-18;74,00;75,25;74,00;74,00;22.000;16.555
2013-09-17;74,80;74,80;74,00;74,00;20.000;14.960
2013-09-16;73,20;74,00;73,20;74,00;0;0
2013-09-13;73,20;73,20;73,20;73,20;0;0
2013-09-12;73,20;73,20;73,20;73,20;0;0
2013-09-11;73,10;73,20;73,10;73,20;0;0
2013-09-10;73,10;73,10;73,10;73,10;0;0
2013-09-09;72,95;73,10;72,95;73,10;0;0
2013-09-06;72,95;72,95;72,95;72,95;0;0
2013-09-05;72,95;72,95;72,95;72,95;0;0
2013-09-04;72,95;72,95;72,95;72,95;0;0
2013-09-03;73,00;73,00;72,95;72,95;0;0
2013-09-02;73,10;74,80;73,00;73,00;10.000;7.480
2013-08-30;71,95;72,95;71,95;72,95;0;0
2013-08-29;71,81;72,15;71,65;72,15;0;0
2013-08-28;71,40;71,40;71,40;71,40;0;0
2013-08-27;71,40;71,40;71,40;71,40;0;0
2013-08-26;71,40;71,40;71,40;71,40;0;0
2013-08-23;71,15;71,40;71,15;71,40;0;0
2013-08-22;69,70;70,65;69,70;70,65;0;0
2013-08-21;71,00;71,10;71,00;71,10;0;0
2013-08-20;69,70;71,00;69,70;71,00;0;0
2013-08-19;70,40;71,50;70,40;71,50;0;0
2013-08-16;70,40;70,40;70,40;70,40;0;0
2013-08-15;69,70;70,40;69,70;69,70;0;0
2013-08-14;70,30;70,30;70,30;70,30;0;0
2013-08-13;69,90;70,30;69,90;70,30;0;0
2013-08-12;69,90;69,90;69,90;69,90;0;0
2013-08-09;69,40;71,15;69,40;69,90;6.000;4.269
2013-08-08;68,95;69,40;68,95;69,40;0;0
2013-08-07;69,40;69,40;69,40;69,40;0;0
2013-08-06;68,95;69,40;68,95;69,40;0;0
2013-08-05;68,95;68,95;68,95;68,95;0;0
2013-08-02;69,95;69,95;68,95;68,95;0;0
2013-08-01;68,90;68,95;68,90;68,90;0;0
2013-07-31;69,50;69,50;68,95;68,95;0;0
2013-07-30;69,50;70,20;69,50;69,50;10.000;7.020
2013-07-29;69,95;69,95;69,50;69,50;0;0
2013-07-26;69,95;69,95;69,95;69,95;0;0
2013-07-25;70,95;70,95;69,95;69,95;0;0
2013-07-24;70,95;70,95;70,95;70,95;0;0
2013-07-23;70,00;70,95;70,00;70,95;0;0
2013-07-22;68,90;70,00;68,90;70,00;0;0
2013-07-19;68,90;68,90;68,90;68,90;0;0
2013-07-18;68,90;68,90;68,90;68,90;0;0
2013-07-17;68,90;68,90;68,90;68,90;0;0
2013-07-16;67,00;68,90;67,00;68,90;0;0
2013-07-15;67,00;67,00;67,00;67,00;0;0
2013-07-12;66,10;66,10;66,10;66,10;0;0
2013-07-11;66,10;66,10;66,10;66,10;0;0
2013-07-10;67,50;67,50;66,10;66,10;0;0
2013-07-09;67,50;67,50;67,50;67,50;0;0
2013-07-08;67,50;67,50;67,50;67,50;0;0
2013-07-05;66,10;67,50;66,10;67,50;0;0
2013-07-04;66,50;66,65;66,50;66,65;0;0
2013-07-03;66,10;66,10;66,10;66,10;0;0
2013-07-02;66,10;66,10;66,10;66,10;0;0
2013-07-01;66,10;66,10;66,10;66,10;0;0
2013-06-28;66,10;66,10;66,10;66,10;0;0
2013-06-27;65,25;66,10;65,25;66,10;0;0
2013-06-26;64,25;65,25;64,25;65,25;0;0
2013-06-25;64,25;64,25;64,25;64,25;0;0
2013-06-24;65,75;65,75;64,25;64,25;0;0
2013-06-21;65,75;65,75;65,75;65,75;0;0
2013-06-20;68,00;68,00;65,75;65,75;0;0
2013-06-19;66,75;66,75;66,75;66,75;0;0
2013-06-18;67,999;68,00;65,75;65,75;0;0
2013-06-17;65,75;65,75;65,75;65,75;0;0
2013-06-14;65,75;65,75;65,75;65,75;0;0
2013-06-13;65,75;65,75;65,75;65,75;0;0
2013-06-12;65,75;65,75;65,75;65,75;0;0
2013-06-11;67,50;67,50;65,75;65,75;0;0
2013-06-10;68,00;68,00;67,50;67,50;0;0
2013-06-07;67,50;67,50;67,25;67,25;0;0
2013-06-06;67,50;67,50;67,499;67,499;0;0
2013-06-05;71,50;71,50;69,20;69,20;35.000;24.500
2013-06-04;71,50;71,50;71,50;71,50;0;0
2013-06-03;72,40;72,60;71,50;71,50;5.000;3.630
2013-05-31;73,65;73,65;71,40;71,40;0;0
2013-05-30;74,65;74,65;72,95;72,95;0;0
2013-05-29;74,65;74,65;74,65;74,65;0;0
2013-05-28;74,65;74,65;74,65;74,65;0;0
2013-05-27;75,60;75,60;74,649;74,649;10.000;7.560
2013-05-24;74,25;74,25;74,25;74,25;0;0
2013-05-23;74,65;74,65;74,25;74,25;0;0
2013-05-22;74,25;74,649;74,25;74,649;0;0
2013-05-21;74,25;74,25;74,25;74,25;0;0
2013-05-20;74,25;74,25;74,25;74,25;0;0
2013-05-17;74,25;74,25;74,25;74,25;0;0
2013-05-16;74,25;74,25;74,25;74,25;0;0
2013-05-15;73,50;75,50;73,50;74,25;20.000;15.100
2013-05-14;73,75;73,75;73,50;73,50;0;0
2013-05-13;73,75;73,75;73,75;73,75;0;0
2013-05-10;74,00;74,00;74,00;74,00;0;0
2013-05-09;74,00;74,00;74,00;74,00;0;0
2013-05-08;74,50;75,50;74,50;74,60;98.000;73.040
2013-05-07;72,80;73,45;72,80;73,45;0;0
2013-05-06;72,80;72,80;72,80;72,80;0;0
2013-05-03;72,80;73,75;72,80;72,80;25.000;18.438
2013-05-02;71,45;72,80;71,45;72,80;0;0
2013-04-30;71,45;71,45;71,45;71,45;0;0
2013-04-29;70,45;71,20;70,45;71,20;0;0
2013-04-26;69,45;70,45;69,45;70,45;0;0
2013-04-25;69,45;69,45;69,45;69,45;0;0
2013-04-24;68,70;69,20;68,70;69,20;0;0
2013-04-23;66,95;68,45;66,95;68,45;0;0
2013-04-22;66,20;66,95;66,20;66,95;0;0
2013-04-19;65,95;66,20;65,95;66,20;0;0
2013-04-18;64,40;66,75;64,40;65,95;25.000;16.688
2013-04-17;63,90;64,40;63,90;64,40;0;0
2013-04-16;63,90;66,00;63,90;63,90;30.000;19.800
2013-04-15;63,90;66,00;63,90;63,90;15.000;9.888
2013-04-12;64,95;64,95;63,90;63,90;0;0
2013-04-11;64,95;64,95;64,95;64,95;0;0
2013-04-10;64,95;64,95;64,95;64,95;0;0
2013-04-09;64,95;64,95;64,95;64,95;0;0
2013-04-08;64,40;64,40;63,95;63,95;0;0
2013-04-05;64,40;64,40;64,40;64,40;0;0
2013-04-04;64,40;64,40;64,40;64,40;0;0
2013-04-03;64,40;64,40;64,40;64,40;0;0
2013-04-02;64,40;64,40;64,40;64,40;0;0
2013-03-28;64,40;64,40;64,40;64,40;0;0
2013-03-27;66,05;66,05;64,40;64,40;20.000;13.210
2013-03-26;66,05;66,05;66,05;66,05;0;0
2013-03-25;66,05;66,05;66,05;66,05;0;0
2013-03-22;66,05;66,05;66,05;66,05;0;0
2013-03-21;64,95;66,05;64,95;66,05;25.000;16.513
2013-03-20;65,20;65,20;65,20;65,20;0;0
2013-03-19;64,95;65,20;64,95;65,20;25.000;16.300
2013-03-18;67,00;67,00;64,95;64,95;2.000;1.335
2013-03-15;67,00;67,00;67,00;67,00;0;0
2013-03-14;67,00;67,00;67,00;67,00;0;0
2013-03-13;67,65;67,65;67,00;67,00;4.000;2.706
2013-03-12;65,90;67,50;65,90;67,00;50.000;33.750
2013-03-11;66,00;66,00;65,90;65,90;0;0
2013-03-08;65,75;67,25;65,75;67,25;14.000;9.415
2013-03-07;65,75;67,25;65,75;65,75;10.000;6.663
2013-03-06;65,50;65,75;65,50;65,75;0;0
2013-03-05;65,00;65,50;65,00;65,50;0;0
2013-03-04;64,90;66,25;64,90;64,90;46.000;30.455
2013-03-01;64,90;64,90;64,90;64,90;0;0
2013-02-28;64,50;65,60;64,50;65,60;0;0
2013-02-27;64,50;65,00;64,50;65,00;0;0
2013-02-26;65,50;65,50;64,50;64,50;0;0
2013-02-25;64,75;65,50;64,75;65,50;0;0
2013-02-22;64,75;64,75;64,75;64,75;0;0
2013-02-21;65,85;66,10;64,75;64,75;25.000;16.525
2013-02-20;65,85;65,85;65,85;65,85;0;0
2013-02-19;65,85;65,85;65,85;65,85;0;0
2013-02-18;65,85;65,85;65,85;65,85;0;0
2013-02-15;68,00;68,00;65,85;65,85;73.000;49.640
2013-02-14;65,85;66,25;65,85;66,25;0;0
2013-02-13;66,25;66,25;66,25;66,25;0;0
2013-02-12;66,25;66,75;66,25;66,75;0;0
2013-02-11;65,75;66,25;65,75;66,25;0;0
2013-02-08;64,75;64,75;64,75;64,75;0;0
2013-02-07;66,00;66,00;64,75;64,75;35.000;23.100
2013-02-06;66,00;66,00;65,00;65,00;0;0
2013-02-05;68,00;68,00;66,00;66,00;0;0
2013-02-04;68,75;68,75;67,50;67,50;20.000;13.750
2013-02-01;69,25;69,25;68,25;68,25;25.000;17.213
2013-01-31;71,20;71,20;69,70;70,50;0;0
2013-01-30;71,20;71,20;71,20;71,20;0;0
2013-01-29;71,20;71,20;71,20;71,20;0;0
2013-01-28;71,20;71,20;71,20;71,20;0;0
2013-01-25;70,70;71,20;70,70;71,20;0;0
2013-01-24;71,45;71,70;71,05;71,05;60.000;42.945
2013-01-23;72,50;72,50;71,45;71,45;3.000;2.175
2013-01-22;69,50;72,50;69,50;71,65;10.000;7.250
2013-01-21;70,50;70,50;69,50;69,50;0;0
2013-01-18;70,50;71,00;70,50;70,50;0;0
2013-01-17;73,10;73,25;70,25;70,25;107.000;78.235
2013-01-16;73,50;73,50;73,15;73,15;50.000;36.625
2013-01-15;73,75;73,75;73,50;73,50;0;0
2013-01-14;73,75;73,75;73,75;73,75;0;0
2013-01-11;73,75;73,75;73,75;73,75;0;0
2013-01-10;72,75;74,75;72,75;73,75;12.000;8.970
2013-01-09;72,75;72,75;72,75;72,75;0;0
2013-01-08;70,25;72,75;67,75;72,75;4.000;2.810
2013-01-07;66,75;67,75;66,75;67,75;0;0
2013-01-04;67,20;67,20;66,75;66,75;0;0
2013-01-03;60,75;67,25;60,75;64,75;19.000;12.778
2013-01-02;64,25;65,50;63,75;63,75;17.000;11.130
2012-12-28;63,25;63,25;63,25;63,25;0;0
2012-12-27;63,35;64,00;62,50;64,00;67.000;42.770
2012-12-21;61,50;62,85;59,75;59,75;25.000;15.713
2012-12-20;60,75;60,75;59,25;59,25;0;0
2012-12-19;61,00;61,00;60,75;60,75;0;0
2012-12-18;60,50;61,00;60,50;61,00;0;0
2012-12-17;59,25;61,00;59,25;61,00;0;0
2012-12-14;60,00;60,75;60,00;60,75;0;0
2012-12-13;60,00;60,00;60,00;60,00;0;0
2012-12-12;58,75;60,16;58,75;60,16;0;0
2012-12-11;58,25;58,75;58,25;58,75;0;0
2012-12-10;58,25;58,25;58,25;58,25;0;0
2012-12-07;58,25;58,25;58,25;58,25;0;0
2012-12-06;58,25;58,25;58,25;58,25;0;0
2012-12-05;58,25;58,25;58,25;58,25;0;0
2012-12-04;58,25;58,25;58,25;58,25;0;0
2012-12-03;57,75;58,25;57,75;58,25;0;0
2012-11-30;57,75;57,75;57,75;57,75;0;0
2012-11-29;57,25;58,50;57,25;57,75;25.000;14.625
2012-11-28;57,25;57,25;57,25;57,25;0;0
2012-11-27;56,75;56,75;56,75;56,75;0;0
2012-11-26;56,75;56,75;56,75;56,75;0;0
2012-11-23;56,50;56,75;56,50;56,75;0;0
2012-11-22;56,75;56,75;56,50;56,50;0;0
2012-11-21;56,75;56,75;56,75;56,75;0;0
2012-11-20;56,75;56,75;56,75;56,75;0;0
2012-11-19;56,95;56,95;56,75;56,75;0;0
2012-11-16;56,75;56,95;56,75;56,95;0;0
2012-11-15;56,75;56,75;56,75;56,75;0;0
2012-11-14;56,50;56,75;56,50;56,75;0;0
2012-11-13;56,50;56,50;56,50;56,50;0;0
2012-11-12;56,50;56,50;56,50;56,50;0;0
2012-11-09;56,50;56,50;56,50;56,50;0;0
2012-11-08;56,75;56,75;56,75;56,75;0;0
2012-11-07;56,75;56,75;56,75;56,75;0;0
2012-11-06;56,75;56,75;56,75;56,75;0;0
2012-11-05;56,20;56,75;56,20;56,75;0;0
2012-11-02;56,75;56,75;56,75;56,75;0;0
2012-11-01;56,75;56,75;56,75;56,75;0;0
2012-10-31;56,75;56,75;56,75;56,75;0;0
2012-10-30;56,75;56,75;56,75;56,75;0;0
2012-10-29;56,75;56,75;56,75;56,75;0;0
2012-10-26;56,75;56,75;56,75;56,75;0;0
2012-10-25;56,75;56,75;56,75;56,75;0;0
2012-10-24;56,75;56,75;56,75;56,75;0;0
2012-10-23;56,75;56,75;56,75;56,75;0;0
2012-10-22;55,95;56,75;55,95;56,75;0;0
2012-10-19;56,75;57,25;56,75;56,75;10.000;5.725
2012-10-18;56,75;56,75;56,75;56,75;0;0
2012-10-17;56,75;57,70;56,75;56,75;282.000;162.458
2012-10-16;56,25;56,75;56,25;56,75;0;0
2012-10-15;56,25;56,25;56,25;56,25;0;0
2012-10-12;56,25;56,25;56,25;56,25;0;0
2012-10-11;56,25;56,25;56,25;56,25;0;0
2012-10-10;56,25;56,25;56,25;56,25;0;0
2012-10-09;56,10;57,55;56,10;56,25;7.000;4.029
2012-10-08;56,10;56,10;56,10;56,10;0;0
2012-10-05;55,85;56,10;55,85;56,10;0;0
2012-10-04;55,85;55,85;55,85;55,85;0;0
2012-10-03;55,85;55,85;55,85;55,85;0;0
2012-10-02;55,85;55,85;55,85;55,85;0;0
2012-10-01;55,85;55,85;55,85;55,85;0;0
2012-09-28;55,20;55,85;55,20;55,85;0;0
2012-09-27;56,50;56,50;55,75;55,75;0;0
2012-09-26;57,00;57,00;56,50;56,50;0;0
2012-09-25;57,50;57,50;57,00;57,00;0;0
2012-09-24;57,50;58,00;57,50;57,50;5.000;2.900
2012-09-21;57,50;57,50;57,50;57,50;0;0
2012-09-20;57,50;57,50;57,50;57,50;0;0
2012-09-19;57,50;57,50;57,00;57,00;3.000;1.725
2012-09-18;58,00;58,00;57,50;57,50;185.000;107.300
2012-09-17;55,95;58,00;55,95;58,00;0;0
2012-09-14;55,95;58,00;55,95;58,00;10.000;5.750
2012-09-13;55,70;55,70;55,70;55,70;0;0
2012-09-12;55,70;55,70;55,70;55,70;0;0
2012-09-11;55,70;55,70;55,70;55,70;0;0
2012-09-10;55,65;56,00;55,65;55,70;0;0
2012-09-07;56,75;56,75;55,65;56,00;82.000;46.535
2012-09-06;55,65;55,65;55,65;55,65;0;0
2012-09-05;55,50;55,65;55,50;55,65;0;0
2012-09-04;55,50;55,50;55,50;55,50;0;0
2012-09-03;55,50;55,50;55,50;55,50;0;0
2012-08-31;55,50;55,60;55,50;55,50;0;0
2012-08-30;54,51;55,50;54,51;55,50;0;0
2012-08-29;54,50;54,51;54,50;54,50;0;0
2012-08-28;54,50;54,50;54,50;54,50;0;0
2012-08-27;54,51;54,51;54,50;54,50;0;0
2012-08-24;54,50;54,50;54,50;54,50;0;0
2012-08-23;54,51;54,51;54,50;54,50;0;0
2012-08-22;54,51;54,51;54,50;54,50;0;0
2012-08-21;54,01;54,50;54,01;54,50;0;0
2012-08-20;54,00;54,00;54,00;54,00;0;0
2012-08-17;51,50;54,00;51,00;54,00;0;0
2012-08-16;50,10;50,10;50,10;50,10;0;0
2012-08-15;50,10;50,10;50,10;50,10;0;0
2012-08-14;50,10;50,10;50,10;50,10;0;0
2012-08-13;50,10;51,50;50,10;51,00;30.000;15.450
2012-08-10;49,00;51,00;49,00;50,50;50.000;25.500
2012-08-09;50,00;51,00;50,00;51,00;0;0
2012-08-08;48,00;51,00;48,00;48,00;135.000;68.850
2012-08-07;51,00;51,00;48,00;48,00;50.000;25.500
2012-08-06;47,00;50,50;47,00;47,00;50.000;25.050
2012-08-03;47,00;47,00;47,00;47,00;0;0
2012-08-02;47,001;47,001;47,00;47,00;0;0
2012-08-01;46,501;47,00;46,501;47,00;0;0
2012-07-31;46,501;46,501;46,50;46,50;0;0
2012-07-30;45,001;49,80;45,001;46,50;50.000;24.900
2012-07-27;45,001;45,001;45,00;45,00;0;0
2012-07-26;44,00;47,00;42,001;44,00;5.000;2.260
2012-07-25;52,50;52,50;43,00;43,00;0;0
2012-07-24;51,50;51,50;51,50;51,50;0;0
2012-07-23;52,50;52,50;51,50;51,50;5.000;2.625
2012-07-20;51,50;52,001;51,50;51,50;0;0
2012-07-19;51,50;51,501;51,50;51,50;0;0
2012-07-18;51,50;52,50;51,50;51,50;0;0
2012-07-17;53,90;53,90;52,50;52,50;11.000;5.858
2012-07-16;53,90;53,90;53,90;53,90;0;0
2012-07-13;55,00;55,00;53,90;53,90;3.000;1.637
2012-07-12;55,00;55,00;55,00;55,00;0;0
2012-07-11;55,00;55,00;55,00;55,00;0;0
2012-07-10;55,40;55,40;55,40;55,40;0;0
2012-07-09;55,40;55,40;55,40;55,40;0;0
2012-07-06;55,40;55,40;55,40;55,40;0;0
2012-07-05;55,00;57,00;55,00;55,00;13.000;7.410
2012-07-04;55,00;55,00;55,00;55,00;0;0
2012-07-03;54,15;55,00;54,15;55,00;0;0
2012-07-02;52,90;54,50;52,90;54,50;10.000;5.450
2012-06-29;52,50;52,90;52,50;52,90;0;0
2012-06-28;52,401;52,401;52,40;52,40;0;0
2012-06-27;52,40;52,40;52,40;52,40;0;0
2012-06-26;52,50;52,50;52,40;52,40;0;0
2012-06-25;52,90;52,90;52,90;52,90;0;0
2012-06-22;52,50;52,50;52,50;52,50;0;0
2012-06-21;51,50;52,50;51,50;52,50;0;0
2012-06-20;51,50;52,925;51,50;51,50;10.000;5.293
2012-06-19;51,75;51,75;51,75;51,75;0;0
2012-06-18;52,00;52,00;51,75;51,75;0;0
2012-06-15;51,875;52,00;51,875;52,00;0;0
2012-06-14;53,00;53,00;51,875;51,875;0;0
2012-06-13;53,00;53,00;53,00;53,00;0;0
2012-06-12;50,501;50,501;50,501;50,501;0;0
2012-06-11;51,00;51,00;50,50;50,50;0;0
2012-06-08;51,00;51,00;51,00;51,00;0;0
2012-06-07;51,00;51,00;51,00;51,00;0;0
2012-06-06;51,00;51,00;51,00;51,00;0;0
2012-06-05;47,60;51,00;47,60;51,00;0;0
2012-06-04;47,601;51,00;47,601;51,00;0;0
2012-06-01;51,00;51,00;51,00;51,00;0;0
2012-05-31;54,00;54,00;54,00;54,00;0;0
2012-05-30;54,00;54,00;54,00;54,00;0;0
2012-05-29;54,00;54,00;53,50;53,50;0;0
2012-05-28;54,00;54,50;54,00;54,00;100.000;54.500
2012-05-25;52,901;54,00;52,901;54,00;0;0
2012-05-24;53,85;53,85;53,85;53,85;0;0
2012-05-23;53,85;53,85;53,85;53,85;10.000;5.385
2012-05-22;54,35;54,35;54,35;54,35;0;0
2012-05-21;55,10;55,10;54,35;54,35;0;0
2012-05-18;55,25;55,25;55,10;55,10;0;0
2012-05-17;56,00;56,00;56,00;56,00;0;0
2012-05-16;56,00;56,00;56,00;56,00;0;0
2012-05-15;57,00;57,00;56,00;56,00;0;0
2012-05-14;56,50;57,00;56,50;57,00;0;0
2012-05-11;56,90;57,00;56,90;57,00;0;0
2012-05-10;56,90;56,90;56,90;56,90;0;0
2012-05-09;58,65;58,65;56,90;56,90;20.000;11.580
2012-05-08;58,65;58,65;58,65;58,65;0;0
2012-05-07;58,90;58,90;58,90;58,90;0;0
2012-05-04;58,90;58,90;58,90;58,90;0;0
2012-05-03;59,80;60,25;58,90;58,90;32.000;19.280
2012-05-02;58,90;59,80;58,90;59,80;0;0
2012-04-30;58,65;58,65;58,65;58,65;0;0
2012-04-27;59,20;60,00;58,65;58,65;114.000;68.118
2012-04-26;58,65;59,75;58,65;58,65;43.000;25.653
2012-04-25;58,65;59,52;58,65;58,65;30.000;17.856
2012-04-24;58,90;58,90;58,55;58,55;50.000;29.375
2012-04-23;58,90;58,90;58,90;58,90;0;0
2012-04-20;58,90;58,90;58,90;58,90;0;0
2012-04-19;58,90;58,90;58,90;58,90;40.000;24.200
2012-04-18;58,90;58,90;58,90;58,90;0;0
2012-04-17;59,65;59,65;58,90;58,90;0;0
2012-04-16;57,65;59,65;57,65;59,65;0;0
2012-04-13;57,65;57,65;57,65;57,65;0;0
2012-04-12;57,65;57,65;57,65;57,65;0;0
2012-04-11;57,65;57,65;57,65;57,65;0;0
2012-04-10;59,90;59,90;59,89;59,89;0;0
2012-04-05;59,90;59,90;58,50;58,50;19.000;11.381
2012-04-04;60,001;60,001;60,001;60,001;0;0
2012-04-03;60,001;60,001;59,90;59,90;0;0
2012-04-02;60,001;62,00;59,90;59,90;16.000;9.920
2012-03-30;60,201;60,201;60,201;60,201;0;0
2012-03-29;60,20;60,20;60,20;60,20;0;0
2012-03-28;60,201;60,201;60,201;60,201;5.000;3.010
2012-03-27;60,20;60,20;60,20;60,20;0;0
2012-03-26;60,20;60,201;60,20;60,20;0;0
2012-03-23;60,201;60,201;60,20;60,20;0;0
2012-03-22;60,20;62,00;60,20;60,20;40.000;24.800
2012-03-21;60,201;60,201;60,20;60,20;0;0
2012-03-20;60,151;60,201;60,151;60,201;0;0
2012-03-19;60,151;60,151;60,151;60,151;0;0
2012-03-16;60,151;60,151;60,151;60,151;0;0
2012-03-15;60,15;61,70;60,15;60,15;15.000;9.255
2012-03-14;60,15;60,151;60,15;60,151;0;0
2012-03-13;60,15;60,151;60,15;60,151;0;0
2012-03-12;60,00;60,00;60,00;60,00;0;0
2012-03-09;62,00;62,00;60,01;60,01;100.000;62.000
2012-03-08;60,00;60,00;59,90;59,90;0;0
2012-03-07;59,90;59,90;59,90;59,90;0;0
2012-03-06;60,001;62,02;59,90;59,90;156.000;96.660
2012-03-05;62,40;62,40;59,901;59,901;0;0
2012-03-02;61,65;62,40;61,65;62,40;0;0
2012-03-01;61,65;61,65;61,65;61,65;0;0
2012-02-29;60,001;61,65;60,001;61,65;0;0
2012-02-28;59,90;59,90;59,90;59,90;0;0
2012-02-27;60,001;62,10;59,90;59,90;20.000;12.420
2012-02-24;61,10;61,10;60,001;60,001;5.000;3.055
2012-02-23;58,90;58,901;58,90;58,90;0;0
2012-02-22;57,65;57,651;57,65;57,651;0;0
2012-02-21;57,65;57,65;57,65;57,65;0;0
2012-02-20;57,65;57,65;57,65;57,65;0;0
2012-02-17;57,15;57,15;57,15;57,15;0;0
2012-02-16;57,15;57,15;57,15;57,15;0;0
2012-02-15;57,15;57,15;57,15;57,15;0;0
2012-02-14;57,15;57,15;57,15;57,15;0;0
2012-02-13;57,15;59,35;57,15;57,15;1.000;594
2012-02-10;56,401;57,15;56,401;57,15;0;0
2012-02-09;54,90;55,15;54,90;55,15;0;0
2012-02-08;54,90;54,90;54,90;54,90;0;0
2012-02-07;54,90;54,90;54,90;54,90;0;0
2012-02-06;53,90;54,001;53,90;54,001;0;0
2012-02-03;53,90;55,35;53,90;53,90;20.000;11.070
2012-02-02;52,65;53,90;52,65;53,90;0;0
2012-02-01;52,65;52,90;52,65;52,90;0;0
2012-01-31;52,65;52,65;52,65;52,65;0;0
2012-01-30;55,70;55,70;52,65;52,65;7.000;3.899
2012-01-27;51,65;51,651;51,65;51,651;0;0
2012-01-26;49,90;51,65;49,90;51,65;0;0
2012-01-25;48,501;49,001;48,501;49,001;0;0
2012-01-24;48,40;48,401;48,40;48,401;0;0
2012-01-23;46,90;49,50;46,90;49,50;0;0
2012-01-20;46,651;47,001;46,651;47,001;0;0
2012-01-19;46,151;46,651;46,151;46,65;0;0
2012-01-18;46,151;46,151;46,15;46,15;0;0
2012-01-17;46,401;46,401;46,401;46,401;0;0
2012-01-16;46,401;46,401;46,401;46,401;0;0
2012-01-13;46,40;47,60;46,40;47,60;0;0
2012-01-12;44,901;46,40;44,901;46,40;0;0
2012-01-11;44,901;46,35;44,901;44,901;4.000;1.854
2012-01-10;44,901;44,901;44,901;44,901;0;0
2012-01-09;46,40;46,40;44,90;44,901;0;0
2012-01-06;44,901;44,901;44,901;44,901;0;0
2012-01-05;44,901;46,60;44,90;44,90;70.000;32.620
2012-01-04;44,901;47,10;44,901;44,901;1.000;471
2012-01-03;44,001;44,90;44,001;44,90;0;0
2012-01-02;45,40;45,40;45,40;45,40;0;0
2011-12-30;45,40;45,40;43,90;45,40;0;0
2011-12-29;44,901;44,901;43,90;43,90;0;0
2011-12-28;44,90;44,90;44,90;44,90;0;0
2011-12-27;44,90;44,90;44,90;44,90;0;0
2011-12-23;43,90;44,90;43,90;44,90;0;0
2011-12-22;44,90;44,90;43,90;44,90;0;0
2011-12-21;43,65;44,90;43,65;44,90;0;0
2011-12-20;43,65;43,65;43,65;43,65;0;0
2011-12-19;43,65;43,65;43,65;43,65;0;0
2011-12-16;43,89;43,901;43,89;43,89;0;0
2011-12-15;44,90;44,90;43,89;43,89;0;0
2011-12-14;43,90;43,901;43,90;43,901;0;0
2011-12-13;43,901;43,901;43,901;43,901;0;0
2011-12-12;43,901;43,901;43,901;43,901;0;0
2011-12-09;43,90;43,901;43,89;43,89;0;0
2011-12-08;43,901;43,901;43,90;43,90;0;0
2011-12-07;44,001;44,001;43,40;43,40;0;0
2011-12-06;43,701;43,801;43,701;43,801;0;0
2011-12-05;45,00;46,60;42,501;43,701;15.000;6.990
2011-12-02;41,901;41,901;41,901;41,901;0;0
2011-12-01;40,901;41,90;40,901;41,90;0;0
2011-11-30;35,501;39,90;35,50;39,90;0;0
2011-11-29;35,501;40,001;35,501;40,001;0;0
2011-11-28;34,501;35,50;34,501;35,50;0;0
2011-11-25;34,501;34,501;34,40;34,40;0;0
2011-11-24;40,90;40,90;35,501;35,501;0;0
2011-11-23;42,90;42,90;39,40;39,40;0;0
2011-11-22;43,40;43,40;40,40;40,40;0;0
2011-11-21;43,90;43,90;43,40;43,40;0;0
2011-11-18;43,901;43,901;43,90;43,90;0;0
2011-11-17;45,90;45,90;43,90;43,90;0;0
2011-11-16;45,90;45,90;45,90;45,90;0;0
2011-11-15;45,501;47,10;45,40;45,90;1.000;471
2011-11-14;45,901;45,901;45,40;45,40;0;0
2011-11-11;45,90;45,901;45,90;45,901;0;0
2011-11-10;45,901;45,901;45,90;45,90;0;0
2011-11-09;46,80;46,80;46,40;46,40;0;0
2011-11-08;46,80;46,80;46,80;46,80;0;0
2011-11-07;45,90;49,10;45,90;45,901;2.000;982
2011-11-04;45,90;45,90;45,90;45,90;0;0
2011-11-03;45,90;45,90;45,90;45,90;0;0
2011-11-02;48,40;48,40;45,501;47,60;0;0
2011-11-01;46,40;46,40;45,40;45,501;0;0
2011-10-31;50,50;50,50;48,90;48,90;6.000;3.030
2011-10-28;48,40;50,00;48,40;48,90;0;0
2011-10-27;48,40;48,40;48,40;48,40;0;0
2011-10-26;47,90;48,40;47,40;48,40;0;0
2011-10-25;47,90;50,00;46,90;47,40;60.000;30.000
2011-10-24;47,90;47,90;46,90;46,90;0;0
2011-10-21;47,90;47,90;47,90;47,90;0;0
2011-10-20;47,90;47,90;47,90;47,90;0;0
2011-10-19;48,90;48,90;47,90;47,90;0;0
2011-10-18;48,90;48,90;47,90;47,90;3.000;1.452
2011-10-17;50,18;50,18;47,901;47,901;0;0
2011-10-13;50,39;50,39;49,65;50,15;50.000;25.195
2011-10-12;49,89;49,89;49,89;49,89;0;0
2011-10-11;51,90;51,90;49,39;49,39;4.000;2.016
2011-10-10;50,40;50,40;48,90;48,90;0;0
2011-10-07;50,40;51,00;50,40;50,40;20.000;10.200
2011-10-06;50,90;50,90;50,40;50,40;0;0
2011-10-05;50,90;50,90;50,90;50,90;0;0
2011-10-04;51,90;51,90;50,90;50,90;0;0
2011-10-03;52,90;52,90;52,40;52,40;0;0
2011-09-30;52,40;53,40;52,40;53,40;0;0
2011-09-29;52,90;52,90;52,40;52,40;0;0
2011-09-28;57,10;57,10;51,901;52,40;3.000;1.713
2011-09-27;51,90;51,90;51,90;51,90;0;0
2011-09-26;51,90;51,901;51,90;51,90;0;0
2011-09-23;52,40;52,40;52,40;52,40;0;0
2011-09-22;52,40;52,40;52,40;52,40;0;0
2011-09-21;55,20;55,20;55,20;55,20;0;0
2011-09-20;54,90;55,25;54,90;55,00;15.000;8.288
2011-09-19;57,40;57,40;52,90;52,90;0;0
2011-09-16;57,90;57,90;56,90;56,91;0;0
2011-09-15;54,90;57,40;54,90;57,40;0;0
2011-09-14;54,90;54,90;54,90;54,90;0;0
2011-09-13;54,90;54,90;54,00;54,00;0;0
2011-09-12;54,90;59,10;54,90;57,40;0;0
2011-09-09;58,40;58,40;57,90;57,90;10.000;5.840
2011-09-08;57,90;58,90;57,90;58,40;0;0
2011-09-07;57,90;59,10;57,90;57,90;14.000;8.274
2011-09-06;57,90;60,10;57,90;57,90;50.000;30.050
2011-09-05;58,90;58,90;56,40;56,40;0;0
2011-09-02;60,15;60,15;59,64;59,64;0;0
2011-09-01;60,15;60,15;59,90;60,15;0;0
2011-08-31;60,15;60,15;60,15;60,15;0;0
2011-08-30;60,15;60,15;60,15;60,15;0;0
2011-08-29;59,55;59,55;59,55;59,55;0;0
2011-08-26;60,15;60,15;59,55;59,55;0;0
2011-08-25;59,90;60,15;59,90;60,15;2.000;1.203
2011-08-24;59,90;59,90;59,90;59,90;0;0
2011-08-23;61,15;61,15;59,90;59,90;0;0
2011-08-22;60,85;61,15;60,85;61,15;0;0
2011-08-19;61,50;61,50;61,50;61,50;15.000;922.500
2011-08-18;61,90;62,90;61,50;61,50;50.000;31.450
2011-08-17;61,50;61,90;61,50;61,90;0;0
2011-08-16;61,50;61,50;61,50;61,50;0;0
2011-08-15;61,50;61,50;61,50;61,50;0;0
2011-08-12;59,90;59,90;59,90;59,90;0;0
2011-08-11;60,50;61,40;56,90;56,90;15.000;9.210
2011-08-10;60,90;61,40;60,90;61,40;0;0
2011-08-09;62,00;62,00;60,50;60,50;7.000;4.340
2011-08-08;69,10;69,10;68,10;68,10;0;0
2011-08-05;67,70;67,70;67,20;67,20;0;0
2011-08-04;69,20;69,20;69,20;69,20;0;0
2011-08-03;69,20;69,20;69,20;69,20;0;0
2011-08-02;69,20;69,20;69,20;69,20;0;0
2011-08-01;69,70;69,70;69,70;69,70;0;0
2011-07-29;69,70;69,70;68,95;68,95;0;0
2011-07-28;69,70;69,70;69,70;69,70;0;0
2011-07-27;69,70;69,70;69,70;69,70;0;0
2011-07-26;69,70;69,70;69,70;69,70;0;0
2011-07-25;70,70;70,70;70,70;70,70;0;0
2011-07-22;70,70;70,70;70,70;70,70;0;0
2011-07-21;67,95;67,95;67,95;67,95;0;0
2011-07-20;68,97;68,97;68,97;68,97;0;0
2011-07-19;69,00;69,00;68,96;68,97;0;0
2011-07-18;68,96;69,00;68,96;69,00;0;0
2011-07-15;69,21;69,21;68,96;68,96;0;0
2011-07-14;69,96;69,96;69,71;69,71;0;0
2011-07-13;70,45;70,45;68,96;68,96;0;0
2011-07-12;69,00;69,00;68,00;68,00;0;0
2011-07-11;70,95;70,95;70,65;70,65;0;0
2011-07-08;70,95;73,10;70,95;70,95;22.000;16.082
2011-07-07;70,95;70,95;70,95;70,95;0;0
2011-07-06;70,96;70,96;70,96;70,96;0;0
2011-07-05;70,96;70,96;70,96;70,96;0;0
2011-07-04;70,96;70,96;70,96;70,96;0;0
2011-07-01;70,71;70,96;70,71;70,96;0;0
2011-06-30;70,71;70,71;70,71;70,71;0;0
2011-06-29;70,71;70,71;70,71;70,71;0;0
2011-06-28;71,21;71,21;70,71;70,71;0;0
2011-06-27;71,46;71,46;71,21;71,21;0;0
2011-06-24;71,71;72,66;71,71;71,71;5.000;3.585
2011-06-23;71,96;72,66;71,71;71,71;6.000;4.302
2011-06-22;71,96;71,96;71,96;71,96;0;0
2011-06-21;71,96;71,96;71,96;71,96;0;0
2011-06-20;71,96;71,96;71,96;71,96;0;0
2011-06-17;71,66;72,66;71,66;72,31;0;0
2011-06-16;72,00;72,00;71,66;71,66;0;0
2011-06-15;73,41;73,41;72,91;72,91;0;0
2011-06-14;73,41;73,41;73,41;73,41;0;0
2011-06-13;73,41;73,41;73,41;73,41;0;0
2011-06-10;73,41;73,41;73,41;73,41;0;0
2011-06-09;73,90;73,90;73,41;73,41;50.000;36.705
2011-06-08;73,90;73,90;73,90;73,90;0;0
2011-06-07;73,90;73,90;73,90;73,90;0;0
2011-06-06;73,90;73,90;73,90;73,90;0;0
2011-06-03;73,90;73,90;73,90;73,90;0;0
2011-06-02;73,90;73,90;73,90;73,90;0;0
2011-06-01;73,90;73,90;73,90;73,90;0;0
2011-05-31;73,90;73,90;73,90;73,90;0;0
2011-05-30;74,50;74,50;74,00;74,00;0;0
2011-05-27;74,50;74,50;74,50;74,50;10.000;7.450
2011-05-26;74,50;74,50;74,50;74,50;0;0
2011-05-25;74,50;74,50;74,50;74,50;0;0
2011-05-24;74,50;74,50;74,50;74,50;12.000;8.940
2011-05-23;73,90;74,50;73,90;74,50;80.000;59.600
2011-05-20;74,40;74,40;74,40;74,40;7.000;5.208
2011-05-19;74,40;74,40;74,40;74,40;0;0
2011-05-18;74,40;74,50;74,40;74,40;20.000;14.880
2011-05-17;74,40;74,50;74,40;74,40;30.000;22.320
2011-05-16;74,40;74,40;74,40;74,40;0;0
2011-05-13;74,40;74,40;74,40;74,40;0;0
2011-05-12;74,40;74,40;74,40;74,40;0;0
2011-05-11;74,40;74,40;74,40;74,40;0;0
2011-05-10;74,40;74,40;74,40;74,40;0;0
2011-05-09;74,40;74,40;74,40;74,40;0;0
2011-05-06;74,40;74,40;74,40;74,40;0;0
2011-05-05;74,40;74,40;74,40;74,40;0;0
2011-05-04;74,40;74,40;74,40;74,40;0;0
2011-05-03;73,65;73,65;73,65;73,65;0;0
2011-05-02;73,65;73,65;73,65;73,65;0;0
2011-04-29;73,65;73,65;73,65;73,65;0;0
2011-04-28;73,65;73,65;73,65;73,65;0;0
2011-04-27;73,65;73,65;73,65;73,65;0;0
2011-04-26;73,65;73,65;73,65;73,65;0;0
2011-04-21;73,65;73,65;73,65;73,65;0;0
2011-04-20;73,65;73,65;73,65;73,65;0;0
2011-04-19;73,65;73,65;73,65;73,65;0;0
2011-04-18;73,65;73,65;73,65;73,65;0;0
2011-04-15;73,90;73,90;73,90;73,90;0;0
2011-04-14;74,40;74,40;73,90;73,90;0;0
2011-04-13;74,40;74,40;74,40;74,40;0;0
2011-04-12;74,40;74,40;74,40;74,40;0;0
2011-04-11;74,40;74,40;74,40;74,40;0;0
2011-04-08;74,40;74,40;74,40;74,40;0;0
2011-04-07;74,40;74,40;74,40;74,40;0;0
2011-04-06;74,40;74,40;74,40;74,40;0;0
2011-04-05;74,40;74,40;74,40;74,40;0;0
2011-04-04;74,40;74,40;74,40;74,40;0;0
2011-04-01;74,40;74,40;74,40;74,40;0;0
2011-03-31;73,40;73,40;73,40;73,40;0;0
2011-03-30;73,40;73,40;73,40;73,40;0;0
2011-03-29;73,40;73,40;73,40;73,40;0;0
2011-03-28;73,40;73,40;73,40;73,40;0;0
2011-03-25;73,40;73,40;73,40;73,40;0;0
2011-03-24;73,40;73,40;73,40;73,40;0;0
2011-03-23;73,40;73,40;73,40;73,40;0;0
2011-03-22;73,40;73,40;73,40;73,40;0;0
2011-03-21;72,40;73,40;72,40;73,40;0;0
2011-03-18;72,40;72,40;72,40;72,40;0;0
2011-03-17;72,40;72,40;72,40;72,40;0;0
2011-03-16;72,40;72,40;72,40;72,40;0;0
2011-03-15;72,90;72,90;72,40;72,40;0;0
2011-03-14;73,40;73,40;73,40;73,40;0;0
2011-03-11;73,40;73,40;73,40;73,40;0;0
2011-03-10;73,90;73,90;73,90;73,90;0;0
2011-03-09;73,90;73,90;73,90;73,90;0;0
2011-03-08; ; ; ;73,90;0;0
2011-03-07;73,90;73,90;73,90;73,90;0;0
2011-03-04;72,40;72,40;72,40;72,40;0;0
2011-03-03;72,40;72,40;72,40;72,40;0;0
2011-03-02;72,40;72,40;72,40;72,40;0;0
2011-03-01;72,40;72,40;72,40;72,40;0;0
2011-02-28;72,405;72,405;72,405;72,405;0;0
2011-02-25;73,50;73,50;72,40;72,40;7.000;5.068
2011-02-24;73,50;73,50;73,50;73,50;0;0
2011-02-23;73,50;73,50;73,50;73,50;0;0
2011-02-22;73,50;73,50;73,50;73,50;0;0
2011-02-21;73,50;73,50;73,50;73,50;0;0
2011-02-18;74,00;74,00;73,50;73,50;50.000;36.750
2011-02-17;73,50;73,50;73,50;73,50;0;0
2011-02-16;73,50;73,50;73,50;73,50;0;0
2011-02-15;73,50;73,50;73,50;73,50;0;0
2011-02-14;73,50;73,50;73,50;73,50;0;0
2011-02-11;73,50;73,50;73,50;73,50;0;0
2011-02-10;71,90;73,50;71,90;73,50;0;0
2011-02-09;71,90;71,90;71,90;71,90;0;0
2011-02-08;71,90;71,90;71,90;71,90;0;0
2011-02-07;72,40;72,40;72,40;72,40;0;0
2011-02-04;72,40;72,40;72,40;72,40;0;0
2011-02-03;71,90;72,40;71,90;72,40;0;0
2011-02-02;71,90;71,90;71,90;71,90;0;0
2011-02-01;71,40;71,40;71,40;71,40;0;0
2011-01-31;71,40;71,40;71,40;71,40;10.000;7.140
2011-01-28;71,40;71,40;71,40;71,40;0;0
2011-01-27;71,40;71,40;71,40;71,40;0;0
2011-01-26;71,40;71,40;71,40;71,40;0;0
2011-01-25;71,15;71,15;71,15;71,15;0;0
2011-01-24;70,40;71,15;70,40;71,15;0;0
2011-01-21;70,40;70,40;70,40;70,40;0;0
2011-01-20;70,40;70,40;70,40;70,40;0;0
2011-01-19;69,90;70,40;69,90;70,40;0;0
2011-01-18;69,90;69,90;69,90;69,90;0;0
2011-01-17;69,90;69,90;69,90;69,90;0;0
2011-01-14;68,95;69,90;68,95;69,90;0;0
2011-01-13;68,95;68,95;68,95;68,95;0;0
2011-01-12;68,95;70,90;68,95;68,95;50.000;34.474
2011-01-11;69,15;69,15;68,95;68,95;0;0
2011-01-10;69,15;69,15;69,15;69,15;0;0
2011-01-07;69,15;69,15;69,15;69,15;0;0
2011-01-06;69,15;69,15;69,15;69,15;0;0
2011-01-05;68,40;68,90;68,40;68,90;0;0
2011-01-04;67,90;68,40;67,90;68,40;0;0
2011-01-03;67,90;67,90;67,90;67,90;0;0
2010-12-30;67,90;67,90;67,90;67,90;0;0
2010-12-29;67,90;67,90;67,90;67,90;0;0
2010-12-28;67,90;67,90;67,90;67,90;0;0
2010-12-27;67,90;67,90;67,90;67,90;0;0
2010-12-23;67,40;67,40;67,40;67,40;0;0
2010-12-22;67,40;67,40;67,40;67,40;0;0
2010-12-21;67,40;67,40;67,40;67,40;0;0
2010-12-20;66,90;67,40;66,90;67,40;0;0
2010-12-17;66,90;66,90;66,90;66,90;0;0
2010-12-16;66,90;68,10;66,90;68,10;0;0
2010-12-15;66,90;66,90;66,90;66,90;0;0
2010-12-14;66,90;66,90;66,90;66,90;0;0
2010-12-13;68,60;68,60;66,90;66,90;15.000;10.035
2010-12-10;66,90;66,90;66,65;66,65;0;0
2010-12-09;66,90;66,90;66,90;66,90;0;0
2010-12-08;68,10;68,10;66,90;66,90;0;0
2010-12-07;68,10;68,10;68,10;68,10;0;0
2010-12-06;66,90;68,10;66,90;68,10;0;0
2010-12-03;66,90;66,90;66,90;66,90;0;0
2010-12-02;66,65;67,85;66,65;67,85;0;0
2010-12-01;66,65;66,65;66,65;66,65;0;0
2010-11-30;67,15;67,15;65,65;65,65;0;0
2010-11-29;67,90;67,90;67,65;67,65;0;0
2010-11-26;68,50;68,50;67,90;67,90;0;0
2010-11-25;68,15;68,50;68,15;68,50;0;0
2010-11-24;68,40;68,40;68,15;68,15;0;0
2010-11-23;70,10;70,10;68,40;68,40;12.000;8.208
2010-11-22;68,40;68,90;68,40;68,90;0;0
2010-11-19;68,40;68,40;68,40;68,40;0;0
2010-11-18;68,40;68,40;68,40;68,40;0;0
2010-11-17;68,15;68,40;68,15;68,40;0;0
2010-11-16;67,90;67,90;67,90;67,90;0;0
2010-11-15;65,40;67,90;65,40;67,90;0;0
2010-11-12;64,40;64,40;63,40;63,90;0;0
2010-11-11;66,78;66,78;65,65;65,65;0;0
2010-11-10;66,90;66,90;66,03;66,03;0;0
2010-11-09;68,40;68,80;67,15;67,15;35.000;23.502
2010-11-08;68,90;68,90;68,90;68,90;0;0
2010-11-05;69,90;69,90;68,90;68,90;0;0
2010-11-04;70,15;70,15;69,90;69,90;0;0
2010-11-03;70,40;70,40;70,40;70,40;0;0
2010-11-02;70,15;70,15;70,15;70,15;0;0
2010-11-01;70,15;70,15;70,15;70,15;0;0
2010-10-29;70,15;70,15;70,15;70,15;0;0
2010-10-28;70,15;70,15;70,15;70,15;0;0
2010-10-27;70,15;70,15;70,15;70,15;0;0
2010-10-26;70,15;70,15;70,15;70,15;0;0
2010-10-25;70,15;70,15;70,15;70,15;0;0
2010-10-22;69,90;69,90;69,90;69,90;0;0
2010-10-21;69,90;69,90;69,90;69,90;0;0
2010-10-20;69,90;69,90;69,90;69,90;0;0
2010-10-19;69,90;69,90;69,90;69,90;0;0
2010-10-18;69,90;69,90;69,90;69,90;0;0
2010-10-15;69,40;69,90;69,40;69,90;0;0
2010-10-14;69,40;69,40;69,40;69,40;0;0
2010-10-13;69,15;69,15;69,15;69,15;0;0
2010-10-12;68,65;68,65;68,65;68,65;0;0
2010-10-11;67,90;68,40;67,90;68,40;0;0
2010-10-08;67,40;67,90;67,40;67,90;0;0
2010-10-07;66,90;66,90;66,90;66,90;0;0
2010-10-06;66,90;66,90;66,90;66,90;0;0
2010-10-05;66,90;66,90;66,90;66,90;0;0
2010-10-04;66,90;66,90;66,90;66,90;0;0
2010-10-01;66,90;66,90;66,90;66,90;0;0
2010-09-30;66,40;66,90;66,40;66,90;0;0





